drug_id,drugbank_id,drug_name,drugbank_url,disease_id,mesh_id,disease_name,mesh_url,species,label_kind,evidence_label_original,verdict,evidence_level,pmid,pubmed_url,doi,url,source_name,title,journal_year,note,source_drug_db,source_disease_db,source_association
151,DB00035,desmopressin,https://go.drugbank.com/drugs/DB00035,457,D001943,Breast Neoplasms,https://meshb.nlm.nih.gov/record/ui?ui=D001943,dog,repurposing,重定位,SUPPORTED,prospective_trial,17719812,https://pubmed.ncbi.nlm.nih.gov/17719812/,10.1016/j.tvjl.2007.06.015,https://pubmed.ncbi.nlm.nih.gov/17719812/,,Perioperative desmopressin prolongs survival in surgically treated bitches with mammary gland tumours: a pilot study,Vet J 2008,"Evidence is CONFLICTING: positive prospective pilot (809 vs 237 d) and a positive grade-2/3 study (PMID 21164169), but a later randomized trial found no benefit (PMID 32441479, Vet Comp Oncol 2020); a feline mastectomy study also exists (Vet Comp Oncol 2021).",DrugBank,MeSH (NLM),literature (PMID 17719812)
168,DB01041,thalidomide,https://go.drugbank.com/drugs/DB01041,457,D001943,Breast Neoplasms,https://meshb.nlm.nih.gov/record/ui?ui=D001943,dog,repurposing,重定位,SUPPORTED,case_series,30348731,https://pubmed.ncbi.nlm.nih.gov/30348731/,10.21873/invivo.11429,https://pmc.ncbi.nlm.nih.gov/articles/PMC6365760/,,Adjuvant Thalidomide and Metronomic Chemotherapy for the Treatment of Canine Malignant Mammary Gland Neoplasms,In Vivo 2018,"58 dogs across 4 treatment arms; no overall survival difference, benefit seen ONLY in the distant-metastasis subgroup (p<0.0001), and allocation/randomization is not clearly described.",DrugBank,MeSH (NLM),literature (PMID 30348731)
243,DB00331,metformin,https://go.drugbank.com/drugs/DB00331,457,D001943,Breast Neoplasms,https://meshb.nlm.nih.gov/record/ui?ui=D001943,dog,repurposing,重定位,WEAK,preclinical,25884842,https://pubmed.ncbi.nlm.nih.gov/25884842/,10.1186/s12885-015-1235-8,https://pubmed.ncbi.nlm.nih.gov/25884842/,,In vitro and in vivo antiproliferative activity of metformin on stem-like cells isolated from spontaneous canine mammary carcinomas: translational implications for human tumors,BMC Cancer 2015,Only cell-line and xenograft work on canine mammary tumour cells; I found NO clinical trial of metformin in live pet dogs with mammary carcinoma.,DrugBank,MeSH (NLM),literature (PMID 25884842)
210,DB01268,sunitinib,https://go.drugbank.com/drugs/DB01268,471,D002292,"Carcinoma, Renal Cell",https://meshb.nlm.nih.gov/record/ui?ui=D002292,,repurposing,重定位,HUMAN_ONLY,,,,,,,,,"Sunitinib for RCC is human standard of care, not repurposing; I found NO dog/cat RCC study of sunitinib - the TKI actually used for canine RCC is the related toceranib (Palladia), e.g. Front Vet Sci 2023 case report PMC10680256.",DrugBank,MeSH (NLM),"UNVERIFIED — 人工策展,無引用"
136,DB00554,piroxicam,https://go.drugbank.com/drugs/DB00554,475,D001749,Urinary Bladder Neoplasms,https://meshb.nlm.nih.gov/record/ui?ui=D001749,dog,repurposing,重定位,SUPPORTED,prospective_trial,7983623,https://pubmed.ncbi.nlm.nih.gov/7983623/,10.1111/j.1939-1676.1994.tb03232.x,https://onlinelibrary.wiley.com/doi/abs/10.1111/j.1939-1676.1994.tb03232.x,,Piroxicam therapy in 34 dogs with transitional cell carcinoma of the urinary bladder,J Vet Intern Med 1994,"CAVEAT on the label: this NSAID->anticancer repurposing succeeded so well that piroxicam (alone or with mitoxantrone/carboplatin) is now the accepted first-line medical therapy for canine bladder TCC, so calling it 'not standard therapy' is questionable today even though it remains off-label.",DrugBank,MeSH (NLM),literature (PMID 7983623)
136,DB00554,piroxicam,https://go.drugbank.com/drugs/DB00554,479,D000077195,Squamous Cell Carcinoma of Head and Neck,https://meshb.nlm.nih.gov/record/ui?ui=D000077195,dog,repurposing,重定位犬SCC,SUPPORTED,prospective_trial,11394830,https://pubmed.ncbi.nlm.nih.gov/11394830/,10.2460/javma.2001.218.1783,https://pubmed.ncbi.nlm.nih.gov/11394830/,,Evaluation of piroxicam for the treatment of oral squamous cell carcinoma in dogs,J Am Vet Med Assoc 2001,"17 dogs with oral SCC on piroxicam monotherapy: 1 CR, 2 PR, 5 SD; genuinely off-label here since standard of care for canine oral SCC is surgery/radiation, and combination piroxicam+carboplatin data also exist (PMID 19379210).",DrugBank,MeSH (NLM),literature (PMID 11394830)
146,DB00678,losartan,https://go.drugbank.com/drugs/DB00678,483,D012516,Osteosarcoma,https://meshb.nlm.nih.gov/record/ui?ui=D012516,dog,repurposing,重定位,SUPPORTED,prospective_trial,34580111,https://pubmed.ncbi.nlm.nih.gov/34580111/,10.1158/1078-0432.CCR-21-2105,https://pmc.ncbi.nlm.nih.gov/articles/PMC8866227/,,"Losartan Blocks Osteosarcoma-Elicited Monocyte Recruitment, and Combined With the Kinase Inhibitor Toceranib, Exerts Significant Clinical Benefit in Canine Metastatic Osteosarcoma",Clin Cancer Res 2022,"Antihypertensive repurposed via CCL2-CCR2 blockade; 28 dogs with metastatic OS, 50% clinical benefit rate, but given in combination with toceranib so losartan's solo contribution is not isolated.",DrugBank,MeSH (NLM),literature (PMID 34580111)
656,DB00877,sirolimus,https://go.drugbank.com/drugs/DB00877,483,D012516,Osteosarcoma,https://meshb.nlm.nih.gov/record/ui?ui=D012516,dog,repurposing,重定位,WEAK,RCT,33753454,https://pubmed.ncbi.nlm.nih.gov/33753454/,10.1158/1078-0432.CCR-21-0315,https://pmc.ncbi.nlm.nih.gov/articles/PMC8172450/,,"Adjuvant Sirolimus Does Not Improve Outcome in Pet Dogs Receiving Standard-of-Care Therapy for Appendicular Osteosarcoma: A Prospective, Randomized Trial of 324 Dogs",Clin Cancer Res 2021,"Sirolimus was genuinely repurposed and rigorously tested in dogs, but this definitive 324-dog RCT was NEGATIVE (no DFI or survival benefit) - literature confirms the repurposing attempt but refutes efficacy, hence WEAK not SUPPORTED.",DrugBank,MeSH (NLM),literature (PMID 33753454)
876,DB00995,auranofin,https://go.drugbank.com/drugs/DB00995,483,D012516,Osteosarcoma,https://meshb.nlm.nih.gov/record/ui?ui=D012516,dog,repurposing,重定位,SUPPORTED,prospective_trial,31441983,https://pubmed.ncbi.nlm.nih.gov/31441983/,10.1111/vco.12533,https://onlinelibrary.wiley.com/doi/abs/10.1111/vco.12533,,Auranofin improves overall survival when combined with standard of care in a pilot study involving dogs with osteosarcoma,Vet Comp Oncol 2020,"Single-arm multicentre pilot (40 dogs, historical control n=26) adding auranofin (an antirheumatic gold drug) to amputation+carboplatin; survival benefit mainly in males, so efficacy is suggestive rather than definitive.",DrugBank,MeSH (NLM),literature (PMID 31441983)
32,DB01026,ketoconazole,https://go.drugbank.com/drugs/DB01026,489,D003480,Cushing Syndrome,https://meshb.nlm.nih.gov/record/ui?ui=D003480,dog,repurposing,重定位,SUPPORTED,case_series,19072605,https://pubmed.ncbi.nlm.nih.gov/19072605/,10.2460/javma.233.12.1896,https://pubmed.ncbi.nlm.nih.gov/19072605/,,Use of ketoconazole to treat dogs with pituitary-dependent hyperadrenocorticism: 48 cases (1994-2007),J Am Vet Med Assoc 2008,"Clear repurposing (antifungal used off-label as a steroidogenesis inhibitor; standard therapy is trilostane/mitotane); retrospective 48-dog series, 90% clinical improvement.",DrugBank,MeSH (NLM),literature (PMID 19072605)
247,DB00853,temozolomide,https://go.drugbank.com/drugs/DB00853,495,D008545,Melanoma,https://meshb.nlm.nih.gov/record/ui?ui=D008545,dog,repurposing,重定位黑色素瘤,SUPPORTED,prospective_trial,25382434,https://pubmed.ncbi.nlm.nih.gov/25382434/,10.1111/vco.12122,https://pubmed.ncbi.nlm.nih.gov/25382434/,,Efficacy and side effects of radiation therapy in comparison with radiation therapy and temozolomide in the treatment of measurable canine malignant melanoma,Vet Comp Oncol 2016,"Bi-institutional trial, 15 dogs RT-only vs 12 dogs RT+temozolomide; response rates similar but time to progression significantly longer with temozolomide (205 vs 110 d, p=0.046); small and not randomized (owner-elected chemotherapy).",DrugBank,MeSH (NLM),literature (PMID 25382434)
168,DB01041,thalidomide,https://go.drugbank.com/drugs/DB01041,499,D006394,Hemangiosarcoma,https://meshb.nlm.nih.gov/record/ui?ui=D006394,dog,repurposing,重定位,SUPPORTED,case_series,29210452,https://pubmed.ncbi.nlm.nih.gov/29210452/,10.1111/jsap.12796,https://pubmed.ncbi.nlm.nih.gov/29210452/,,Does thalidomide prolong survival in dogs with splenic haemangiosarcoma?,J Small Anim Pract 2018,"15 dogs post-splenectomy, MST 172 d with 33% surviving >1 y; single-arm with no concurrent control, supported mechanistically by VEGF immunostaining work (PMID 32443710, Vet Sci 2020).",DrugBank,MeSH (NLM),literature (PMID 29210452)
97,DB00381,amlodipine,https://go.drugbank.com/drugs/DB00381,454,D006973,Hypertension,https://meshb.nlm.nih.gov/record/ui?ui=D006973,cat,standard_of_care,標準貓高血壓,SUPPORTED,guideline,30353952,https://pubmed.ncbi.nlm.nih.gov/30353952/,10.1111/jvim.15331,https://pmc.ncbi.nlm.nih.gov/articles/PMC6271319/,,"ACVIM consensus statement: Guidelines for the identification, evaluation, and management of systemic hypertension in dogs and cats",J Vet Intern Med 2018,ACVIM consensus explicitly states amlodipine besylate is the first-choice antihypertensive in cats; supporting RCTs also exist.,DrugBank,MeSH (NLM),literature (PMID 30353952)
190,DB00966,telmisartan,https://go.drugbank.com/drugs/DB00966,454,D006973,Hypertension,https://meshb.nlm.nih.gov/record/ui?ui=D006973,cat,standard_of_care,標準,SUPPORTED,RCT,30561059,https://pubmed.ncbi.nlm.nih.gov/30561059/,10.1111/jvim.15394,https://pmc.ncbi.nlm.nih.gov/articles/PMC6430888/,,Efficacy of long-term oral telmisartan treatment in cats with hypertension: Results of a prospective European clinical trial,J Vet Intern Med 2019,Multicenter placebo-controlled RCT (n=285 cats); telmisartan (Semintra) is FDA-approved for feline systemic hypertension.,DrugBank,MeSH (NLM),literature (PMID 30561059)
0,DB00860,prednisolone,https://go.drugbank.com/drugs/DB00860,455,D001249,Asthma,https://meshb.nlm.nih.gov/record/ui?ui=D001249,cat,standard_of_care,標準貓氣喘,SUPPORTED,prospective_trial,33390654,https://pubmed.ncbi.nlm.nih.gov/33390654/,,https://pmc.ncbi.nlm.nih.gov/articles/PMC7747657/,,Treatment of naturally occurring asthma with inhaled fluticasone or oral prednisolone: A randomized pilot trial,Can J Vet Res 2021,Glucocorticoids are first-line for feline asthma (prednisolone preferred over prednisone due to poor feline oral bioavailability of prednisone); also documented in the Merck Veterinary Manual.,DrugBank,MeSH (NLM),literature (PMID 33390654)
312,DB00277,theophylline,https://go.drugbank.com/drugs/DB00277,455,D001249,Asthma,https://meshb.nlm.nih.gov/record/ui?ui=D001249,cat,standard_of_care,標準,WEAK,guideline,,,,https://www.merckvetmanual.com/pharmacology/systemic-pharmacotherapeutics-of-the-respiratory-system/systemic-treatment-of-inflammatory-airway-disease-in-animals,,Systemic Treatment of Inflammatory Airway Disease in Animals - Merck Veterinary Manual,,"Merck Vet Manual lists feline dosing (3 mg/kg PO q12h), but efficacy in cats is variable and ex vivo work found theophylline the least potent bronchodilator tested; used more in dogs, so adjunct rather than standard of care.",DrugBank,MeSH (NLM),literature (https://www.merckvetmanual.com/pharmacology/systemic-pharmacotherapeutics-of-the-respiratory-system/systemic-treatment-of-inflammatory-airway-disease-in-animals)
428,DB00871,terbutaline,https://go.drugbank.com/drugs/DB00871,455,D001249,Asthma,https://meshb.nlm.nih.gov/record/ui?ui=D001249,cat,standard_of_care,標準,SUPPORTED,guideline,,,,https://www.merckvetmanual.com/pharmacology/systemic-pharmacotherapeutics-of-the-respiratory-system/systemic-treatment-of-inflammatory-airway-disease-in-animals,,Systemic Treatment of Inflammatory Airway Disease in Animals - Merck Veterinary Manual,,"Merck Vet Manual gives explicit feline dosing (0.01 mg/kg SC for crises; 0.625 mg/cat PO q12h chronic); standard as rescue/adjunctive bronchodilator, never as sole therapy without a glucocorticoid.",DrugBank,MeSH (NLM),literature (https://www.merckvetmanual.com/pharmacology/systemic-pharmacotherapeutics-of-the-respiratory-system/systemic-treatment-of-inflammatory-airway-disease-in-animals)
0,DB00860,prednisolone,https://go.drugbank.com/drugs/DB00860,456,D003876,"Dermatitis, Atopic",https://meshb.nlm.nih.gov/record/ui?ui=D003876,dog,standard_of_care,標準,SUPPORTED,guideline,26276051,https://pubmed.ncbi.nlm.nih.gov/26276051/,10.1186/s12917-015-0514-6,https://pmc.ncbi.nlm.nih.gov/articles/PMC4537558/,,Treatment of canine atopic dermatitis: 2015 updated guidelines from the International Committee on Allergic Diseases of Animals (ICADA),BMC Vet Res 2015,"ICADA guidelines recommend oral prednisolone/prednisone 0.5 mg/kg q12-24h to induce remission, then taper to lowest effective dose.",DrugBank,MeSH (NLM),literature (PMID 26276051)
25,DB00091,cyclosporine,https://go.drugbank.com/drugs/DB00091,456,D003876,"Dermatitis, Atopic",https://meshb.nlm.nih.gov/record/ui?ui=D003876,dog,standard_of_care,標準異位皮膚炎,SUPPORTED,guideline,26276051,https://pubmed.ncbi.nlm.nih.gov/26276051/,10.1186/s12917-015-0514-6,https://pmc.ncbi.nlm.nih.gov/articles/PMC4537558/,,Treatment of canine atopic dermatitis: 2015 updated guidelines from the International Committee on Allergic Diseases of Animals (ICADA),BMC Vet Res 2015,"ICADA guidelines recommend oral ciclosporin 5 mg/kg q24h for chronic canine AD; also FDA-approved as Atopica, with supporting placebo-controlled RCTs.",DrugBank,MeSH (NLM),literature (PMID 26276051)
18,DB00997,doxorubicin,https://go.drugbank.com/drugs/DB00997,457,D001943,Breast Neoplasms,https://meshb.nlm.nih.gov/record/ui?ui=D001943,dog,standard_of_care,標準,WEAK,prospective_trial,17063714,https://pubmed.ncbi.nlm.nih.gov/17063714/,10.1892/0891-6640(2006)20[1184:patimm]2.0.co;2,https://pubmed.ncbi.nlm.nih.gov/17063714/,,Postoperative adjuvant treatment of invasive malignant mammary gland tumors in dogs with doxorubicin and docetaxel,J Vet Intern Med 2006,"Doxorubicin IS given to dogs with mammary carcinoma, but this prospective trial concluded 'chemotherapy did not lead to an improved outcome'; surgery is the standard and adjuvant benefit is unproven — the 標準 label is not supported.",DrugBank,MeSH (NLM),literature (PMID 17063714)
0,DB00860,prednisolone,https://go.drugbank.com/drugs/DB00860,458,D001932,Brain Neoplasms,https://meshb.nlm.nih.gov/record/ui?ui=D001932,dog,standard_of_care,標準,SUPPORTED,case_series,40387432,https://pubmed.ncbi.nlm.nih.gov/40387432/,10.1111/jvim.70126,https://pmc.ncbi.nlm.nih.gov/articles/PMC12086991/,,Acute Evolution of Neurological Signs and Magnetic Resonance Imaging Features in Dogs With Brain Tumors Receiving Treatment With Corticosteroids and Anticonvulsants,J Vet Intern Med 2025,"Corticosteroids are 'a principal component of palliative care for humans and animals with brain tumors for over seven decades'; standard as palliation of peritumoral edema (53% clinical improvement), NOT antitumor therapy.",DrugBank,MeSH (NLM),literature (PMID 40387432)
49,DB01005,hydroxyurea,https://go.drugbank.com/drugs/DB01005,458,D001932,Brain Neoplasms,https://meshb.nlm.nih.gov/record/ui?ui=D001932,dog,standard_of_care,標準,SUPPORTED,guideline,,,,https://www.msdvetmanual.com/nervous-system/neoplasia-of-the-nervous-system/neoplasia-of-the-nervous-system-in-small-animals,,Neoplasia of the Nervous System in Small Animals - MSD Veterinary Manual,,"MSD Vet Manual states 'Hydroxyurea is the chemotherapeutic agent of choice for meningiomas' in dogs (20 mg/kg PO q24h), but same source notes 'few studies exist in which dogs received it as the sole adjuvant therapy'; supporting canine data are case reports (e.g. PMID 18176033) and PMID 34216463.",DrugBank,MeSH (NLM),literature (https://www.msdvetmanual.com/nervous-system/neoplasia-of-the-nervous-system/neoplasia-of-the-nervous-system-in-small-animals)
688,DB01206,lomustine,https://go.drugbank.com/drugs/DB01206,458,D001932,Brain Neoplasms,https://meshb.nlm.nih.gov/record/ui?ui=D001932,dog,standard_of_care,標準犬腦瘤,SUPPORTED,guideline,,,,https://www.msdvetmanual.com/nervous-system/neoplasia-of-the-nervous-system/neoplasia-of-the-nervous-system-in-small-animals,,Neoplasia of the Nervous System in Small Animals - MSD Veterinary Manual,,MSD Vet Manual: 'Addition of cytotoxic drugs (most commonly hydroxyurea or lomustine [CCNU]) postoperatively or at recurrence may lengthen survival time' (30-90 mg/m2 PO q4-6wk); doubt flagged - a 2023 review (PMID 38026627) states no standard regimen exists and lomustine-alone survival was comparable to palliative care.,DrugBank,MeSH (NLM),literature (https://www.msdvetmanual.com/nervous-system/neoplasia-of-the-nervous-system/neoplasia-of-the-nervous-system-in-small-animals)
35,DB00996,gabapentin,https://go.drugbank.com/drugs/DB00996,459,D010003,Osteoarthritis,https://meshb.nlm.nih.gov/record/ui?ui=D010003,dog,standard_of_care,標準止痛,WEAK,review,37370556,https://pubmed.ncbi.nlm.nih.gov/37370556/,10.3390/ani13122045,https://pmc.ncbi.nlm.nih.gov/articles/PMC10295034/,,"Gabapentin: Clinical Use and Pharmacokinetics in Dogs, Cats, and Horses",Animals (Basel) 2023,"Widely used off-label as a multimodal adjunct but no placebo-controlled trial isolates gabapentin's benefit in canine OA; review calls for proper RCTs, so not standard of care as monotherapy.",DrugBank,MeSH (NLM),literature (PMID 37370556)
293,DB00814,meloxicam,https://go.drugbank.com/drugs/DB00814,459,D010003,Osteoarthritis,https://meshb.nlm.nih.gov/record/ui?ui=D010003,dog,standard_of_care,標準關節炎,SUPPORTED,RCT,15515983,https://pubmed.ncbi.nlm.nih.gov/15515983/,10.2460/javma.2004.225.1056,https://pubmed.ncbi.nlm.nih.gov/15515983/,,Effects of meloxicam on severity of lameness and other clinical signs of osteoarthritis in dogs,J Am Vet Med Assoc 2004,Randomized placebo-controlled multicenter trial (217 dogs); meloxicam is a licensed first-line NSAID for canine OA.,DrugBank,MeSH (NLM),literature (PMID 15515983)
487,DB00193,tramadol,https://go.drugbank.com/drugs/DB00193,459,D010003,Osteoarthritis,https://meshb.nlm.nih.gov/record/ui?ui=D010003,dog,standard_of_care,止痛,WEAK,RCT,29393744,https://pubmed.ncbi.nlm.nih.gov/29393744/,,https://pubmed.ncbi.nlm.nih.gov/29393744/,,Lack of effectiveness of tramadol hydrochloride for the treatment of pain and joint dysfunction in dogs with chronic osteoarthritis,J Am Vet Med Assoc 2018,Evidence points the OTHER way: a blinded placebo-controlled crossover RCT found tramadol (5 mg/kg q8h) gave no clinical benefit in canine OA; commonly prescribed off-label but not supported as standard of care.,DrugBank,MeSH (NLM),literature (PMID 29393744)
0,DB00860,prednisolone,https://go.drugbank.com/drugs/DB00860,460,D001172,"Arthritis, Rheumatoid",https://meshb.nlm.nih.gov/record/ui?ui=D001172,dog/cat,standard_of_care,標準,SUPPORTED,guideline,,,,https://www.merckvetmanual.com/musculoskeletal-system/arthropathies-and-related-disorders-in-small-animals/immune-mediated-polyarthritis-in-dogs-and-cats,,Immune-Mediated Polyarthritis in Dogs and Cats - Merck Veterinary Manual,,"Merck Vet Manual states 'Initial treatment of IMPA in dogs typically involves immunosuppression with corticosteroids (eg, prednisolone or prednisone)'; canine RA is a rare erosive subset of IMPA for which prognosis is guarded.",DrugBank,MeSH (NLM),literature (https://www.merckvetmanual.com/musculoskeletal-system/arthropathies-and-related-disorders-in-small-animals/immune-mediated-polyarthritis-in-dogs-and-cats)
12,DB00563,methotrexate,https://go.drugbank.com/drugs/DB00563,460,D001172,"Arthritis, Rheumatoid",https://meshb.nlm.nih.gov/record/ui?ui=D001172,dog,standard_of_care,標準,WEAK,review,,,,https://www.dvm360.com/view/recognizing-and-treating-immune-mediated-polyarthritis-dogs,,Recognizing and treating immune-mediated polyarthritis in dogs,,"No primary canine literature found; this review states methotrexate 'has not been evaluated for erosive IMPA in dogs' and is only recommended by some authors in refractory cases, and the Merck Vet Manual IMPA page does not list it at all - clearly off-label extrapolation from human RA, not standard of care.",DrugBank,MeSH (NLM),literature (https://www.dvm360.com/view/recognizing-and-treating-immune-mediated-polyarthritis-dogs)
169,DB00795,sulfasalazine,https://go.drugbank.com/drugs/DB00795,460,D001172,"Arthritis, Rheumatoid",https://meshb.nlm.nih.gov/record/ui?ui=D001172,,standard_of_care,標準,HUMAN_ONLY,,,,,,,,,"Sulfasalazine is a standard human RA DMARD but I found no veterinary literature supporting it for canine rheumatoid arthritis; in dogs it is used for chronic/ulcerative colitis and large-bowel IBD. The Merck Vet Manual IMPA article lists corticosteroids, azathioprine, cyclosporine and leflunomide - sulfasalazine is not mentioned.",DrugBank,MeSH (NLM),"UNVERIFIED — 人工策展,無引用"
702,DB01097,leflunomide,https://go.drugbank.com/drugs/DB01097,460,D001172,"Arthritis, Rheumatoid",https://meshb.nlm.nih.gov/record/ui?ui=D001172,dog,standard_of_care,標準犬多關節炎,SUPPORTED,case_series,20113244,https://pubmed.ncbi.nlm.nih.gov/20113244/,10.2460/javma.236.3.312,https://pmc.ncbi.nlm.nih.gov/articles/PMC3089001/,,Efficacy of leflunomide for treatment of immune-mediated polyarthritis in dogs: 14 cases (2006-2008),J Am Vet Med Assoc 2010;236(3):312-318,"Merck Vet Manual states 'Leflunomide can also be used instead of steroids, with good results' and this case series showed 93% complete/partial response; caveat - evidence is for IMPA broadly not erosive RA specifically, and a 2024 retrospective (93 dogs) found no improved outcomes when added to glucocorticoids.",DrugBank,MeSH (NLM),literature (PMID 20113244)
617,DB01067,glipizide,https://go.drugbank.com/drugs/DB01067,461,D003924,"Diabetes Mellitus, Type 2",https://meshb.nlm.nih.gov/record/ui?ui=D003924,cat,standard_of_care,標準貓糖尿,SUPPORTED,prospective_trial,8226235,https://pubmed.ncbi.nlm.nih.gov/8226235/,,https://www.aaha.org/aaha-guidelines/diabetes-management/treatment/non-insulin-therapies/,,"Effect of an orally administered sulfonylurea, glipizide, for treatment of diabetes mellitus in cats",J Am Vet Med Assoc 1993,"Real feline use with trial evidence and feline DM is type-2-like, but efficacy is poor (only ~25% good responders) and AAHA guidelines recommend glipizide only for cats whose owners refuse insulin — insulin is the standard of care; glipizide must not be used in dogs.",DrugBank,MeSH (NLM),literature (PMID 8226235)
0,DB00860,prednisolone,https://go.drugbank.com/drugs/DB00860,462,D054198,Precursor Cell Lymphoblastic Leukemia-Lymphoma,https://meshb.nlm.nih.gov/record/ui?ui=D054198,dog,standard_of_care,標準,SUPPORTED,case_series,39457924,https://pubmed.ncbi.nlm.nih.gov/39457924/,10.3390/ani14202994,https://pmc.ncbi.nlm.nih.gov/articles/PMC11503739/,,"Clinical Outcome of Multicentric Lymphoma Treated with Cyclophosphamide, Doxorubicin, Vincristine, and Prednisolone (CHOP) in Small Breed Dogs",Animals (Basel) 2024,This protocol explicitly used prednisolone (not prednisone) as the CHOP steroid; prednisolone is standard in canine lymphoma protocols.,DrugBank,MeSH (NLM),literature (PMID 39457924)
6,DB00635,prednisone,https://go.drugbank.com/drugs/DB00635,462,D054198,Precursor Cell Lymphoblastic Leukemia-Lymphoma,https://meshb.nlm.nih.gov/record/ui?ui=D054198,dog,standard_of_care,標準,SUPPORTED,case_series,38961691,https://pubmed.ncbi.nlm.nih.gov/38961691/,10.1111/jvim.17139,https://pmc.ncbi.nlm.nih.gov/articles/PMC11256168/,,"Early progression during or after cyclophosphamide, doxorubicin, vincristine, and prednisone chemotherapy indicates poor outcome with rescue protocols in dogs with multicentric lymphoma",J Vet Intern Med 2024,Prednisone is the 'P' of CHOP; also standard with vincristine for canine acute lymphoblastic leukemia.,DrugBank,MeSH (NLM),literature (PMID 38961691)
9,DB00773,etoposide,https://go.drugbank.com/drugs/DB00773,462,D054198,Precursor Cell Lymphoblastic Leukemia-Lymphoma,https://meshb.nlm.nih.gov/record/ui?ui=D054198,dog,standard_of_care,標準,WEAK,prospective_trial,28505195,https://pubmed.ncbi.nlm.nih.gov/28505195/,10.1371/journal.pone.0177486,https://pmc.ncbi.nlm.nih.gov/articles/PMC5432161,,"Dose escalation study to evaluate safety, tolerability and efficacy of intravenous etoposide phosphate administration in 27 dogs with multicentric lymphoma",PLoS One 2017,"NOT standard of care and DISEASE MISMATCH: the only canine efficacy evidence is for multicentric (mature B-cell) lymphoma, not precursor lymphoblastic leukemia-lymphoma; canine ALL/LBL is treated with CHOP +/- L-asparaginase (etoposide absent from published protocols and from the one canine lymphoblastic lymphoma case report, PMID 37732143). Oral etoposide bioavailability in dogs is also low and erratic (median 13.4%, AJVR 2008).",DrugBank,MeSH (NLM),literature (PMID 28505195)
11,DB00987,cytarabine,https://go.drugbank.com/drugs/DB00987,462,D054198,Precursor Cell Lymphoblastic Leukemia-Lymphoma,https://meshb.nlm.nih.gov/record/ui?ui=D054198,dog,standard_of_care,標準CNS淋巴瘤,SUPPORTED,case_series,31769013,https://pubmed.ncbi.nlm.nih.gov/31769013/,10.1111/avj.12895,https://pubmed.ncbi.nlm.nih.gov/31769013/,,Toxicity of cytarabine constant rate infusion in dogs with high-grade non-Hodgkin lymphoma with bone marrow or central nervous system involvement,Aust Vet J 2020,"Supports the curator's narrower '標準CNS淋巴瘤' label (cytarabine crosses the blood-brain barrier and is used for CNS/bone-marrow involvement); important caveat: single-agent cytarabine was NOT active for systemic remission induction in canine lymphoma (PMID 7983628), so it is standard only for the CNS indication.",DrugBank,MeSH (NLM),literature (PMID 31769013)
12,DB00563,methotrexate,https://go.drugbank.com/drugs/DB00563,462,D054198,Precursor Cell Lymphoblastic Leukemia-Lymphoma,https://meshb.nlm.nih.gov/record/ui?ui=D054198,dog,standard_of_care,標準,WEAK,case_series,37732143,https://pubmed.ncbi.nlm.nih.gov/37732143/,10.3389/fvets.2023.1209935,https://pmc.ncbi.nlm.nih.gov/articles/PMC10507905/,,Intrathecal chemotherapy for the management of lymphoblastic lymphoma in a 4-year-old dog: a case report,Front Vet Sci 2023,"Exact disease match (canine lymphoblastic lymphoma) with intrathecal methotrexate + cytarabine, but this is a single case report (n=1) explicitly described by the authors as a first report; methotrexate is otherwise only an old LMP/UW-Madison maintenance component, so 標準 is overstated.",DrugBank,MeSH (NLM),literature (PMID 37732143)
18,DB00997,doxorubicin,https://go.drugbank.com/drugs/DB00997,462,D054198,Precursor Cell Lymphoblastic Leukemia-Lymphoma,https://meshb.nlm.nih.gov/record/ui?ui=D054198,dog,standard_of_care,標準CHOP,SUPPORTED,case_series,38961691,https://pubmed.ncbi.nlm.nih.gov/38961691/,10.1111/jvim.17139,https://pmc.ncbi.nlm.nih.gov/articles/PMC11256168/,,"Early progression during or after cyclophosphamide, doxorubicin, vincristine, and prednisone chemotherapy indicates poor outcome with rescue protocols in dogs with multicentric lymphoma",J Vet Intern Med 2024,"Doxorubicin is the 'H' of CHOP, the accepted first-line standard for canine lymphoma; caveat: MeSH D054198 is precursor/lymphoblastic disease whereas most canine lymphoma treated with CHOP is mature B-cell, so the disease mapping is a proxy.",DrugBank,MeSH (NLM),literature (PMID 38961691)
34,DB00541,vincristine,https://go.drugbank.com/drugs/DB00541,462,D054198,Precursor Cell Lymphoblastic Leukemia-Lymphoma,https://meshb.nlm.nih.gov/record/ui?ui=D054198,dog,standard_of_care,標準CHOP,SUPPORTED,case_series,38961691,https://pubmed.ncbi.nlm.nih.gov/38961691/,10.1111/jvim.17139,https://pmc.ncbi.nlm.nih.gov/articles/PMC11256168/,,"Early progression during or after cyclophosphamide, doxorubicin, vincristine, and prednisone chemotherapy indicates poor outcome with rescue protocols in dogs with multicentric lymphoma",J Vet Intern Med 2024,Vincristine is the 'O' (Oncovin) of CHOP and is also used with prednisone in canine acute lymphoblastic leukemia; same proxy caveat on the precursor-cell disease mapping.,DrugBank,MeSH (NLM),literature (PMID 38961691)
60,DB00570,vinblastine,https://go.drugbank.com/drugs/DB00570,462,D054198,Precursor Cell Lymphoblastic Leukemia-Lymphoma,https://meshb.nlm.nih.gov/record/ui?ui=D054198,dog,standard_of_care,標準,WEAK,prospective_trial,30117260,https://pubmed.ncbi.nlm.nih.gov/30117260/,10.1111/vco.12433,https://pubmed.ncbi.nlm.nih.gov/30117260/,,Response rate to a single dose of vinblastine administered to dogs with treatment-naive multicentric lymphoma,Vet Comp Oncol 2018,"Evidence actively contradicts the 標準 label: vinblastine was 'minimally efficacious' front-line in canine lymphoma and the authors do not recommend it; it appears only in rescue protocols (e.g. MVPP). Likely curator confusion with vincristine, which IS the lymphoma vinca.",DrugBank,MeSH (NLM),literature (PMID 30117260)
78,DB01204,mitoxantrone,https://go.drugbank.com/drugs/DB01204,462,D054198,Precursor Cell Lymphoblastic Leukemia-Lymphoma,https://meshb.nlm.nih.gov/record/ui?ui=D054198,dog,standard_of_care,標準,SUPPORTED,case_series,9773407,https://pubmed.ncbi.nlm.nih.gov/9773407/,10.1111/j.1939-1676.1998.tb02130.x,https://pubmed.ncbi.nlm.nih.gov/9773407/,,Evaluation of single-agent mitoxantrone as chemotherapy for relapsing canine lymphoma,J Vet Intern Med 1998,Genuine canine lymphoma agent but the authors concluded single-agent mitoxantrone has 'limited value' at 1st relapse; it is an alternative to doxorubicin (CMOP protocol) rather than first-line standard.,DrugBank,MeSH (NLM),literature (PMID 9773407)
203,DB00291,chlorambucil,https://go.drugbank.com/drugs/DB00291,462,D054198,Precursor Cell Lymphoblastic Leukemia-Lymphoma,https://meshb.nlm.nih.gov/record/ui?ui=D054198,dog,standard_of_care,標準,WEAK,case_series,10772481,https://pubmed.ncbi.nlm.nih.gov/10772481/,10.1892/0891-6640(2000)014<0120:eoahcp>2.3.co;2,https://pubmed.ncbi.nlm.nih.gov/10772481/,,Evaluation of a high-dose chemotherapy protocol with no maintenance therapy for dogs with lymphoma,J Vet Intern Med 2000,"Only indirect support: this abstract confirms chlorambucil was a crossover/maintenance agent in the classic UW-Madison canine lymphoma protocol, but modern standard CHOP omits maintenance; chlorambucil's real niche is indolent lymphoma/CLL, not high-grade precursor lymphoblastic disease, so the 標準 label looks overstated.",DrugBank,MeSH (NLM),literature (PMID 10772481)
688,DB01206,lomustine,https://go.drugbank.com/drugs/DB01206,462,D054198,Precursor Cell Lymphoblastic Leukemia-Lymphoma,https://meshb.nlm.nih.gov/record/ui?ui=D054198,dog,standard_of_care,標準,SUPPORTED,case_series,,,10.1111/j.1939-1676.1999.tb01452.x,https://academic.oup.com/jvim/article/13/5/395/8452336,,Lomustine (CCNU) for the Treatment of Resistant Lymphoma in Dogs,J Vet Intern Med 1999,"Real and accepted canine use but as a RESCUE agent for relapsed/resistant lymphoma (28% response), not first-line standard of care; no PMID surfaced in my searches so the field is left empty rather than guessed (DOI verified).",DrugBank,MeSH (NLM),literature (https://academic.oup.com/jvim/article/13/5/395/8452336)
49,DB01005,hydroxyurea,https://go.drugbank.com/drugs/DB01005,463,D015470,"Leukemia, Myeloid, Acute",https://meshb.nlm.nih.gov/record/ui?ui=D015470,dog,standard_of_care,標準慢性骨髓白血病,WEAK,case_series,6579047,https://pubmed.ncbi.nlm.nih.gov/6579047/,,https://pubmed.ncbi.nlm.nih.gov/6579047/,,Chronic myelogenous leukemia in the dog,J Am Vet Med Assoc 1983,"DISEASE MISMATCH: the veterinary evidence (and the record's own Chinese label) is for CHRONIC myeloid leukemia, not the mapped MeSH D015470 (ACUTE myeloid leukemia); in 5 dogs hydroxyurea lowered WBC counts but was 'of questionable value in the prevention of leukemic blast crisis'; canine AML is treated with cytarabine-based protocols, so hydroxyurea is not standard of care for AML.",DrugBank,MeSH (NLM),literature (PMID 6579047)
13,DB00993,azathioprine,https://go.drugbank.com/drugs/DB00993,464,D003093,"Colitis, Ulcerative",https://meshb.nlm.nih.gov/record/ui?ui=D003093,dog,standard_of_care,標準IBD,WEAK,review,36213409,https://pubmed.ncbi.nlm.nih.gov/36213409/,10.3389/fvets.2022.923013,https://pmc.ncbi.nlm.nih.gov/articles/PMC9534534/,,Canine chronic enteropathy - Current state-of-the-art and emerging concepts,Front Vet Sci 2022,"Azathioprine is a second-line adjunct to glucocorticoids in canine chronic inflammatory enteropathy/IBD (the canine analogue of ulcerative colitis), not first-line; efficacy studies are lacking and one study found prednisolone+chlorambucil superior. Contraindicated in cats (cannot metabolize it).",DrugBank,MeSH (NLM),literature (PMID 36213409)
53,DB00916,metronidazole,https://go.drugbank.com/drugs/DB00916,464,D003093,"Colitis, Ulcerative",https://meshb.nlm.nih.gov/record/ui?ui=D003093,dog,standard_of_care,標準,WEAK,RCT,36191142,https://pubmed.ncbi.nlm.nih.gov/36191142/,10.2460/javma.22.08.0349,https://pubmed.ncbi.nlm.nih.gov/36191142/,,Randomized controlled trial demonstrates nutritional management is superior to metronidazole for treatment of acute colitis in dogs,J Am Vet Med Assoc 2022,"Widely used historically for canine colitis, but this RCT found diet SUPERIOR to metronidazole (remission 5 vs 8.5 days) with worsened dysbiosis, so current evidence contradicts standard-of-care status; also MeSH 'Colitis, Ulcerative' is a human entity with no exact canine equivalent.",DrugBank,MeSH (NLM),literature (PMID 36191142)
73,DB01222,budesonide,https://go.drugbank.com/drugs/DB01222,464,D003093,"Colitis, Ulcerative",https://meshb.nlm.nih.gov/record/ui?ui=D003093,dog/cat,standard_of_care,標準,SUPPORTED,RCT,24112400,https://pubmed.ncbi.nlm.nih.gov/24112400/,10.1111/jvim.12195,https://pubmed.ncbi.nlm.nih.gov/?term=Dye+budesonide+prednisone+inflammatory+bowel+disease+dogs,,"Randomized, controlled trial of budesonide and prednisone for the treatment of idiopathic inflammatory bowel disease in dogs",J Vet Intern Med 2013;27(6):1385-91,"Real canine RCT (40 dogs) showing budesonide equivalent to prednisone for IBD, but evidence is for canine chronic enteropathy/IBD generally rather than 'ulcerative colitis'; budesonide is an accepted alternative/second-line steroid, not first-line standard.",DrugBank,MeSH (NLM),literature (PMID 24112400)
169,DB00795,sulfasalazine,https://go.drugbank.com/drugs/DB00795,464,D003093,"Colitis, Ulcerative",https://meshb.nlm.nih.gov/record/ui?ui=D003093,dog,standard_of_care,標準犬IBD,SUPPORTED,guideline,,,,https://www.msdvetmanual.com/pharmacology/systemic-pharmacotherapeutics-of-the-digestive-system/drugs-used-to-treat-inflammatory-bowel-disease-in-monogastric-animals,,Drugs Used to Treat Inflammatory Bowel Disease in Monogastric Animals - MSD Veterinary Manual,,"MSD Vet Manual: sulfasalazine (10-30 mg/kg PO q8-12h) is commonly used in dogs for ulcerative/idiopathic/plasmacytic-lymphocytic colitis after dietary causes excluded; note it is an established colitis drug but diet and glucocorticoids are first-line, and canine chronic colitis is only an analogue of human ulcerative colitis.",DrugBank,MeSH (NLM),literature (https://www.msdvetmanual.com/pharmacology/systemic-pharmacotherapeutics-of-the-digestive-system/drugs-used-to-treat-inflammatory-bowel-disease-in-monogastric-animals)
6,DB00635,prednisone,https://go.drugbank.com/drugs/DB00635,465,D009101,Multiple Myeloma,https://meshb.nlm.nih.gov/record/ui?ui=D009101,dog,standard_of_care,標準,SUPPORTED,case_series,3721983,https://pubmed.ncbi.nlm.nih.gov/3721983/,,https://pubmed.ncbi.nlm.nih.gov/3721983/,,Prognostic factors for multiple myeloma in the dog,J Am Vet Med Assoc 1986,"60 dogs treated with melphalan plus prednisone (43% CR, 49% PR); prednisone is standard only as part of the melphalan+corticosteroid combination, not as monotherapy.",DrugBank,MeSH (NLM),literature (PMID 3721983)
731,DB00361,melphalan,https://go.drugbank.com/drugs/DB00361,465,D009101,Multiple Myeloma,https://meshb.nlm.nih.gov/record/ui?ui=D009101,dog,standard_of_care,標準犬多發性骨髓瘤,SUPPORTED,case_series,29566439,https://pubmed.ncbi.nlm.nih.gov/29566439/,10.1111/jvim.15084,https://pubmed.ncbi.nlm.nih.gov/29566439/,,Comparison of two melphalan protocols and evaluation of outcome and prognostic factors in multiple myeloma in dogs,J Vet Intern Med 2018,Melphalan is the established chemotherapy backbone for canine multiple myeloma (median survival 930 d here; also Matus PMID 3721983).,DrugBank,MeSH (NLM),literature (PMID 29566439)
65,DB00338,omeprazole,https://go.drugbank.com/drugs/DB00338,466,D010437,Peptic Ulcer,https://meshb.nlm.nih.gov/record/ui?ui=D010437,dog/cat,standard_of_care,標準胃潰瘍,SUPPORTED,guideline,30378711,https://pubmed.ncbi.nlm.nih.gov/30378711/,10.1111/jvim.15337,https://pmc.ncbi.nlm.nih.gov/articles/PMC6271318/,,ACVIM consensus statement: Support for rational administration of gastrointestinal protectants to dogs and cats,J Vet Intern Med 2018,ACVIM consensus explicitly designates PPIs as standard of care for medical treatment of gastroduodenal ulceration/erosion in dogs and cats; dose twice daily.,DrugBank,MeSH (NLM),literature (PMID 30378711)
120,DB00927,famotidine,https://go.drugbank.com/drugs/DB00927,466,D010437,Peptic Ulcer,https://meshb.nlm.nih.gov/record/ui?ui=D010437,dog/cat,standard_of_care,標準,SUPPORTED,guideline,30378711,https://pubmed.ncbi.nlm.nih.gov/30378711/,10.1111/jvim.15337,https://pmc.ncbi.nlm.nih.gov/articles/PMC6271318/,,ACVIM consensus statement: Support for rational administration of gastrointestinal protectants to dogs and cats,J Vet Intern Med 2018,"Widely used in dogs/cats but the ACVIM consensus states H2RA monotherapy is INFERIOR to twice-daily PPI for ulceration, so famotidine is second-line rather than standard of care.",DrugBank,MeSH (NLM),literature (PMID 30378711)
470,DB00364,sucralfate,https://go.drugbank.com/drugs/DB00364,466,D010437,Peptic Ulcer,https://meshb.nlm.nih.gov/record/ui?ui=D010437,dog/cat,standard_of_care,標準,SUPPORTED,guideline,30378711,https://pubmed.ncbi.nlm.nih.gov/30378711/,10.1111/jvim.15337,https://pmc.ncbi.nlm.nih.gov/articles/PMC6271318/,,ACVIM consensus statement: Support for rational administration of gastrointestinal protectants to dogs and cats,J Vet Intern Med 2018,ACVIM consensus states PPIs are superior to sucralfate for gastroduodenal ulceration; sucralfate is adjunctive (mainly esophagitis) with no proven added benefit alongside PPIs.,DrugBank,MeSH (NLM),literature (PMID 30378711)
172,DB00819,acetazolamide,https://go.drugbank.com/drugs/DB00819,467,D005902,"Glaucoma, Open-Angle",https://meshb.nlm.nih.gov/record/ui?ui=D005902,dog,standard_of_care,標準,SUPPORTED,review,25660816,https://pubmed.ncbi.nlm.nih.gov/25660816/,10.1016/j.tvjl.2014.12.017,https://pubmed.ncbi.nlm.nih.gov/25660816/,,A review of the pharmacology of carbonic anhydrase inhibitors for the treatment of glaucoma in dogs and cats,Vet J 2015,"CAIs are 'principal drugs used in the management of canine and feline glaucoma', but MSD Vet Manual says acetazolamide commonly causes anorexia and methazolamide 'is the drug of choice'; topical dorzolamide has largely superseded systemic acetazolamide. Note canine glaucoma is predominantly closed-angle - open-angle is limited to breeds like Beagles.",DrugBank,MeSH (NLM),literature (PMID 25660816)
295,DB00373,timolol,https://go.drugbank.com/drugs/DB00373,467,D005902,"Glaucoma, Open-Angle",https://meshb.nlm.nih.gov/record/ui?ui=D005902,dog,standard_of_care,標準,SUPPORTED,prospective_trial,16771760,https://pubmed.ncbi.nlm.nih.gov/16771760/,10.1111/j.1463-5224.2006.00469.x,https://pubmed.ncbi.nlm.nih.gov/16771760/,,"Comparison of the effects of topical administration of a fixed combination of dorzolamide-timolol to monotherapy with timolol or dorzolamide on IOP, pupil size, and heart rate in glaucomatous dogs",Vet Ophthalmol 2006,"Same Beagle primary open-angle glaucoma trial; timolol is standard in canine glaucoma mainly as the fixed dorzolamide-timolol combination — timolol monotherapy was the least effective arm, so 'standard' applies to the combination more than to timolol alone.",DrugBank,MeSH (NLM),literature (PMID 16771760)
412,DB00869,dorzolamide,https://go.drugbank.com/drugs/DB00869,467,D005902,"Glaucoma, Open-Angle",https://meshb.nlm.nih.gov/record/ui?ui=D005902,dog,standard_of_care,標準犬青光眼,SUPPORTED,prospective_trial,16771760,https://pubmed.ncbi.nlm.nih.gov/16771760/,10.1111/j.1463-5224.2006.00469.x,https://pubmed.ncbi.nlm.nih.gov/16771760/,,"Comparison of the effects of topical administration of a fixed combination of dorzolamide-timolol to monotherapy with timolol or dorzolamide on IOP, pupil size, and heart rate in glaucomatous dogs",Vet Ophthalmol 2006,"Exact disease match — study used 12 laboratory Beagles with inherited primary open-angle glaucoma; dorzolamide lowers IOP and is a mainstay of canine glaucoma medical therapy, though the dorzolamide-timolol combination outperformed dorzolamide alone.",DrugBank,MeSH (NLM),literature (PMID 16771760)
443,DB00654,latanoprost,https://go.drugbank.com/drugs/DB00654,467,D005902,"Glaucoma, Open-Angle",https://meshb.nlm.nih.gov/record/ui?ui=D005902,dog,standard_of_care,標準,SUPPORTED,prospective_trial,11906665,https://pubmed.ncbi.nlm.nih.gov/11906665/,10.1046/j.1463-5216.2001.00201.x,https://pubmed.ncbi.nlm.nih.gov/11906665/,,Effect of different dose schedules of latanoprost on intraocular pressure and pupil size in the glaucomatous Beagle,Vet Ophthalmol 2001,"Exact disease match — 8 Beagles with moderate-stage inherited primary open-angle glaucoma, significant IOP reduction; note latanoprost does NOT lower IOP in healthy cats (PMID 11039551), so this is dog-only support.",DrugBank,MeSH (NLM),literature (PMID 11906665)
42,DB00472,fluoxetine,https://go.drugbank.com/drugs/DB00472,468,D003863,Depression,https://meshb.nlm.nih.gov/record/ui?ui=D003863,,standard_of_care,行為,NOT_FOUND,,,,,,,,,"No veterinary literature found treating canine/feline 'depression' as a diagnosis with fluoxetine; vets diagnose anxiety/compulsive disorders, not depression, so this MeSH mapping appears spurious despite fluoxetine's strong anxiety evidence.",DrugBank,MeSH (NLM),"UNVERIFIED — 人工策展,無引用"
0,DB00860,prednisolone,https://go.drugbank.com/drugs/DB00860,469,D008178,"Lupus Erythematosus, Cutaneous",https://meshb.nlm.nih.gov/record/ui?ui=D008178,dog,standard_of_care,標準,SUPPORTED,review,29669547,https://pubmed.ncbi.nlm.nih.gov/29669547/,10.1186/s12917-018-1446-8,https://pmc.ncbi.nlm.nih.gov/articles/PMC5907183/,,Cutaneous lupus erythematosus in dogs: a comprehensive review,BMC Vet Res 2018,"Review recommends glucocorticoids across CLE variants - oral prednisone/prednisolone at 2 mg/kg/day, with lesions responding best to immunosuppressive doses and remission generally within one month.",DrugBank,MeSH (NLM),literature (PMID 29669547)
12,DB00563,methotrexate,https://go.drugbank.com/drugs/DB00563,469,D008178,"Lupus Erythematosus, Cutaneous",https://meshb.nlm.nih.gov/record/ui?ui=D008178,,standard_of_care,標準SLE,HUMAN_ONLY,,,,,,,,,"Methotrexate is used for human SLE/cutaneous lupus but is not mentioned anywhere in the 2018 BMC Vet Res comprehensive review of canine cutaneous lupus erythematosus, and I found no canine lupus reports; canine therapy is glucocorticoids +/- azathioprine, ciclosporin, tacrolimus, tetracycline-niacinamide.",DrugBank,MeSH (NLM),"UNVERIFIED — 人工策展,無引用"
14,DB00544,fluorouracil,https://go.drugbank.com/drugs/DB00544,470,D015179,Colorectal Neoplasms,https://meshb.nlm.nih.gov/record/ui?ui=D015179,dog,standard_of_care,標準,WEAK,case_series,30043425,https://pubmed.ncbi.nlm.nih.gov/30043425/,10.1111/vco.12426,https://pubmed.ncbi.nlm.nih.gov/30043425/,,Concurrent 5-fluorouracil and carboplatin for the treatment of canine carcinomas,Vet Comp Oncol 2018,"5-FU is used in canine carcinomas (24 dogs, 43% response in gross disease) and in canine GI adenocarcinoma (PMID 15552318, 3 dogs), but neither abstract confirms colorectal cases specifically; surgery is standard for canine colorectal tumors. CRITICAL: 5-FU is fatal/contraindicated in cats.",DrugBank,MeSH (NLM),literature (PMID 30043425)
66,DB01101,capecitabine,https://go.drugbank.com/drugs/DB01101,470,D015179,Colorectal Neoplasms,https://meshb.nlm.nih.gov/record/ui?ui=D015179,dog,standard_of_care,標準,WEAK,case_series,38037870,https://pubmed.ncbi.nlm.nih.gov/38037870/,10.1111/vco.12945,https://onlinelibrary.wiley.com/doi/10.1111/vco.12945,,Spotlight on capecitabine for the treatment of unresectable or metastatic carcinoma of various origin: A retrospective study of 25 dogs,Vet Comp Oncol 2024;22(1):42-48,"Off-label/investigational salvage use, NOT standard of care in dogs: in 25 dogs with advanced carcinoma where conventional therapy failed or was declined, 2 partial responses were in dogs with inoperable colic/colorectal adenocarcinoma; a pilot PK study (PMID 38297307) calls 750 mg/m2 only 'a reasonable starting dose for future phase 1 dose finding trials'. Capecitabine is standard for colorectal cancer in HUMANS, which is likely the source of this edge.",DrugBank,MeSH (NLM),literature (PMID 38037870)
0,DB00860,prednisolone,https://go.drugbank.com/drugs/DB00860,472,D010392,Pemphigus,https://meshb.nlm.nih.gov/record/ui?ui=D010392,dog/cat,standard_of_care,標準,SUPPORTED,case_series,26248494,https://pubmed.ncbi.nlm.nih.gov/26248494/,10.1111/vde.12241,https://onlinelibrary.wiley.com/doi/abs/10.1111/vde.12241,,Oral glucocorticoid pulse therapy for induction of treatment of canine pemphigus foliaceus - a comparative study,Vet Dermatol 2015;26:354-e77,"Glucocorticoids (prednisone/prednisolone 2-4 mg/kg q24h) are the undisputed mainstay/first-line induction therapy for canine and feline pemphigus foliaceus; note conventional monotherapy induced complete remission in only 15% of dogs at 3 months vs 61% with pulse therapy, hence adjuvants are usually added. Study design (prospective vs retrospective comparison) not confirmed - evidence_level is my best estimate.",DrugBank,MeSH (NLM),literature (PMID 26248494)
13,DB00993,azathioprine,https://go.drugbank.com/drugs/DB00993,472,D010392,Pemphigus,https://meshb.nlm.nih.gov/record/ui?ui=D010392,dog,standard_of_care,標準,SUPPORTED,case_series,37700599,https://pubmed.ncbi.nlm.nih.gov/37700599/,10.1111/vde.13203,https://pubmed.ncbi.nlm.nih.gov/37700599/,,The use of oclacitinib compared to azathioprine in the management of canine pemphigus foliaceus: A retrospective analysis,Vet Dermatol 2023,"Azathioprine is the most commonly used steroid-sparing adjuvant for canine pemphigus foliaceus (13/15 dogs achieved partial or complete remission, mean 77.9% reduction in glucocorticoid dose); DOG ONLY - azathioprine is myelotoxic and contraindicated in cats.",DrugBank,MeSH (NLM),literature (PMID 37700599)
25,DB00091,cyclosporine,https://go.drugbank.com/drugs/DB00091,472,D010392,Pemphigus,https://meshb.nlm.nih.gov/record/ui?ui=D010392,dog/cat,standard_of_care,標準天疱瘡,SUPPORTED,case_series,35448651,https://pubmed.ncbi.nlm.nih.gov/35448651/,10.3390/vetsci9040153,https://pmc.ncbi.nlm.nih.gov/articles/PMC9029188/,,A Retrospective Evaluation of the Steroid-Sparing Effect of Oral Modified Ciclosporin for Treatment of Canine Pemphigus Foliaceus,Vet Sci 2022,"Recognised glucocorticoid-sparing adjuvant for pemphigus foliaceus: 9/11 dogs reached complete remission on ciclosporin + glucocorticoids and 5/9 discontinued steroids; a feline retrospective (Irwin, Vet Dermatol 2012, DOI 10.1111/j.1365-3164.2012.01069.x) reports the same sparing effect in cats. Caveat: ciclosporin MONOtherapy was ineffective in 4/5 dogs in a pilot study, so it is an adjuvant rather than a first-line single agent.",DrugBank,MeSH (NLM),literature (PMID 35448651)
486,DB00441,gemcitabine,https://go.drugbank.com/drugs/DB00441,473,D002289,"Carcinoma, Non-Small-Cell Lung",https://meshb.nlm.nih.gov/record/ui?ui=D002289,dog,standard_of_care,標準,WEAK,case_series,,,10.1111/j.1939-1676.2008.0248.x,https://academic.oup.com/jvim/article/23/1/130/8449962,,Combined Gemcitabine and Carboplatin Therapy for Carcinomas in Dogs,J Vet Intern Med 2009,"37 dogs with mixed carcinomas including 9 respiratory (2 pulmonary carcinoma, 5 bronchoalveolar); overall response only 13% with one neutropenic-sepsis death; vinorelbine is the better-established first-line for canine primary pulmonary carcinoma - gemcitabine is off-label and not standard. PMID not seen, left empty.",DrugBank,MeSH (NLM),literature (https://academic.oup.com/jvim/article/23/1/130/8449962)
472,DB00763,methimazole,https://go.drugbank.com/drugs/DB00763,474,D006980,Hyperthyroidism,https://meshb.nlm.nih.gov/record/ui?ui=D006980,cat,standard_of_care,標準貓甲亢,SUPPORTED,guideline,27143042,https://pubmed.ncbi.nlm.nih.gov/27143042/,10.1177/1098612X16643252,https://pubmed.ncbi.nlm.nih.gov/27143042/,,2016 AAFP Guidelines for the Management of Feline Hyperthyroidism,J Feline Med Surg 2016,Unambiguous standard of care; AAFP guidelines specify methimazole 1.25-2.5 mg/cat q12h titrated to T4 1.0-2.5 mcg/dL.,DrugBank,MeSH (NLM),literature (PMID 27143042)
60,DB00570,vinblastine,https://go.drugbank.com/drugs/DB00570,475,D001749,Urinary Bladder Neoplasms,https://meshb.nlm.nih.gov/record/ui?ui=D001749,dog,standard_of_care,標準,SUPPORTED,prospective_trial,22092632,https://pubmed.ncbi.nlm.nih.gov/22092632/,10.1111/j.1939-1676.2011.00796.x,https://pubmed.ncbi.nlm.nih.gov/22092632/,,Clinical trial of vinblastine in dogs with transitional cell carcinoma of the urinary bladder,J Vet Intern Med 2011,Real antitumor activity (36% PR in 28 dogs) but framed by the authors as 'another treatment option'; an accepted second-line/rescue agent rather than first-line standard.,DrugBank,MeSH (NLM),literature (PMID 22092632)
78,DB01204,mitoxantrone,https://go.drugbank.com/drugs/DB01204,475,D001749,Urinary Bladder Neoplasms,https://meshb.nlm.nih.gov/record/ui?ui=D001749,dog,standard_of_care,標準,SUPPORTED,RCT,25619518,https://pubmed.ncbi.nlm.nih.gov/25619518/,10.1111/jvim.12533,https://pubmed.ncbi.nlm.nih.gov/25619518/,,Randomized phase III trial of piroxicam in combination with mitoxantrone or carboplatin for first-line treatment of urogenital tract transitional cell carcinoma in dogs,J Vet Intern Med 2015,"Randomized phase III first-line trial; mitoxantrone plus piroxicam is an accepted first-line protocol for canine bladder TCC (also PMID 12576466, Clin Cancer Res 2003).",DrugBank,MeSH (NLM),literature (PMID 25619518)
203,DB00291,chlorambucil,https://go.drugbank.com/drugs/DB00291,475,D001749,Urinary Bladder Neoplasms,https://meshb.nlm.nih.gov/record/ui?ui=D001749,dog,standard_of_care,標準,SUPPORTED,prospective_trial,23683018,https://pubmed.ncbi.nlm.nih.gov/23683018/,,https://pubmed.ncbi.nlm.nih.gov/23683018/,,Metronomic administration of chlorambucil for treatment of dogs with urinary bladder transitional cell carcinoma,J Am Vet Med Assoc 2013,"Prospective trial in 31 dogs, but explicitly a salvage option after other treatments failed (only 3% PR, 67% stable disease) — not first-line standard of care.",DrugBank,MeSH (NLM),literature (PMID 23683018)
42,DB00472,fluoxetine,https://go.drugbank.com/drugs/DB00472,476,D001008,Anxiety Disorders,https://meshb.nlm.nih.gov/record/ui?ui=D001008,dog,standard_of_care,標準犬行為,SUPPORTED,RCT,17447222,https://pubmed.ncbi.nlm.nih.gov/17447222/,,https://pubmed.ncbi.nlm.nih.gov/17447222/,,Effects of reconcile (fluoxetine) chewable tablets plus behavior management for canine separation anxiety,Vet Ther 2007,Fluoxetine (Reconcile) is FDA-approved for canine separation anxiety; placebo-controlled trial supports efficacy with behavior modification.,DrugBank,MeSH (NLM),literature (PMID 17447222)
164,DB01242,clomipramine,https://go.drugbank.com/drugs/DB01242,476,D001008,Anxiety Disorders,https://meshb.nlm.nih.gov/record/ui?ui=D001008,dog,standard_of_care,標準,SUPPORTED,RCT,10760607,https://pubmed.ncbi.nlm.nih.gov/10760607/,10.1016/s0168-1591(99)00127-6,https://pubmed.ncbi.nlm.nih.gov/10760607/,,"Treatment of separation anxiety in dogs with clomipramine: results from a prospective, randomized, double-blind, placebo-controlled, parallel-group, multicenter clinical trial",Appl Anim Behav Sci 2000,Standard-dose clomipramine plus behavior therapy beat placebo; clomipramine (Clomicalm) is FDA-approved for canine separation anxiety.,DrugBank,MeSH (NLM),literature (PMID 10760607)
0,DB00860,prednisolone,https://go.drugbank.com/drugs/DB00860,477,D000744,"Anemia, Hemolytic, Autoimmune",https://meshb.nlm.nih.gov/record/ui?ui=D000744,dog,standard_of_care,標準IMHA,SUPPORTED,guideline,30847984,https://pubmed.ncbi.nlm.nih.gov/30847984/,10.1111/jvim.15463,https://pubmed.ncbi.nlm.nih.gov/30847984/,,ACVIM consensus statement on the treatment of immune-mediated hemolytic anemia in dogs,J Vet Intern Med 2019,Glucocorticoids (prednisolone/prednisone) are the ACVIM-endorsed first-line cornerstone of canine IMHA therapy.,DrugBank,MeSH (NLM),literature (PMID 30847984)
2,DB00959,methylprednisolone,https://go.drugbank.com/drugs/DB00959,477,D000744,"Anemia, Hemolytic, Autoimmune",https://meshb.nlm.nih.gov/record/ui?ui=D000744,dog,standard_of_care,標準IMHA,SUPPORTED,prospective_trial,38961558,https://pubmed.ncbi.nlm.nih.gov/38961558/,10.1111/jvim.17122,https://pmc.ncbi.nlm.nih.gov/articles/PMC11423485/,,"Methylprednisolone alone or combined with cyclosporine or mycophenolate mofetil for the treatment of immune-mediated hemolytic anemia in dogs, a prospective study",J Vet Intern Med 2024,Glucocorticoids are first-line for canine IMHA per the 2019 ACVIM consensus statement (PMID 30847984); this prospective trial used methylprednisolone specifically as the backbone agent.,DrugBank,MeSH (NLM),literature (PMID 38961558)
13,DB00993,azathioprine,https://go.drugbank.com/drugs/DB00993,477,D000744,"Anemia, Hemolytic, Autoimmune",https://meshb.nlm.nih.gov/record/ui?ui=D000744,dog,standard_of_care,標準IMHA犬,SUPPORTED,guideline,30847984,https://pubmed.ncbi.nlm.nih.gov/30847984/,10.1111/jvim.15463,https://pubmed.ncbi.nlm.nih.gov/30847984/,,ACVIM consensus statement on the treatment of immune-mediated hemolytic anemia in dogs,J Vet Intern Med 2019,ACVIM consensus lists azathioprine as a reasonable second immunosuppressive agent in dogs; not recommended in cats.,DrugBank,MeSH (NLM),literature (PMID 30847984)
25,DB00091,cyclosporine,https://go.drugbank.com/drugs/DB00091,477,D000744,"Anemia, Hemolytic, Autoimmune",https://meshb.nlm.nih.gov/record/ui?ui=D000744,dog,standard_of_care,標準IMHA,SUPPORTED,guideline,30847984,https://pubmed.ncbi.nlm.nih.gov/30847984/,10.1111/jvim.15463,https://pubmed.ncbi.nlm.nih.gov/30847984/,,ACVIM consensus statement on the treatment of immune-mediated hemolytic anemia in dogs,J Vet Intern Med 2019,ACVIM consensus lists cyclosporine among the reasonable second-agent choices (5-10 mg/kg PO q12h) alongside glucocorticoids.,DrugBank,MeSH (NLM),literature (PMID 30847984)
579,DB00688,mycophenolate,https://go.drugbank.com/drugs/DB00688,477,D000744,"Anemia, Hemolytic, Autoimmune",https://meshb.nlm.nih.gov/record/ui?ui=D000744,dog,standard_of_care,標準IMHA,SUPPORTED,guideline,30847984,https://pubmed.ncbi.nlm.nih.gov/30847984/,10.1111/jvim.15463,https://pubmed.ncbi.nlm.nih.gov/30847984/,,ACVIM consensus statement on the treatment of immune-mediated hemolytic anemia in dogs,J Vet Intern Med 2019,ACVIM consensus lists mycophenolate mofetil as a reasonable second immunosuppressive agent; consensus advises against combining it with azathioprine.,DrugBank,MeSH (NLM),literature (PMID 30847984)
31,DB01167,itraconazole,https://go.drugbank.com/drugs/DB01167,478,D001228,Aspergillosis,https://meshb.nlm.nih.gov/record/ui?ui=D001228,dog,standard_of_care,標準犬麴菌病,SUPPORTED,case_series,16761984,https://pubmed.ncbi.nlm.nih.gov/16761984/,,https://pubmed.ncbi.nlm.nih.gov/16761984/,,Surgical treatment of canine nasal aspergillosis by rhinotomy combined with enilconazole infusion and oral itraconazole,J Small Anim Pract 2006,"Caveat: itraconazole is the oral agent of choice for disseminated canine aspergillosis, but for sinonasal disease oral monotherapy has limited efficacy and topical clotrimazole/enilconazole with debridement is first-line.",DrugBank,MeSH (NLM),literature (PMID 16761984)
265,DB00582,voriconazole,https://go.drugbank.com/drugs/DB00582,478,D001228,Aspergillosis,https://meshb.nlm.nih.gov/record/ui?ui=D001228,dog,standard_of_care,標準,SUPPORTED,case_series,31841098,https://pubmed.ncbi.nlm.nih.gov/31841098/,10.2460/javma.256.1.111,https://pubmed.ncbi.nlm.nih.gov/31841098/,,Oral administration of voriconazole with surgical fungal plaque debridement for the treatment of sinonasal aspergillosis with cribriform plate lysis in three dogs,J Am Vet Med Assoc 2020,"Only a 3-dog case series; voriconazole is a salvage/second-line option (notably for cribriform lysis), not standard of care, and is poorly tolerated in cats.",DrugBank,MeSH (NLM),literature (PMID 31841098)
78,DB01204,mitoxantrone,https://go.drugbank.com/drugs/DB01204,479,D000077195,Squamous Cell Carcinoma of Head and Neck,https://meshb.nlm.nih.gov/record/ui?ui=D000077195,cat,standard_of_care,標準,WEAK,case_series,8320152,https://pubmed.ncbi.nlm.nih.gov/8320152/,,https://pubmed.ncbi.nlm.nih.gov/8320152/,,Toxicoses and efficacy associated with administration of mitoxantrone to cats with malignant tumors,J Am Vet Med Assoc 1993,Mitoxantrone has been given to cats with oral SCC (32 cats in this series) but response was poor; no source found supporting it as standard of care for head/neck SCC in dogs or cats.,DrugBank,MeSH (NLM),literature (PMID 8320152)
139,DB00290,bleomycin,https://go.drugbank.com/drugs/DB00290,479,D000077195,Squamous Cell Carcinoma of Head and Neck,https://meshb.nlm.nih.gov/record/ui?ui=D000077195,dog,standard_of_care,標準,SUPPORTED,case_series,31419028,https://pubmed.ncbi.nlm.nih.gov/31419028/,10.1111/vco.12530,https://pubmed.ncbi.nlm.nih.gov/31419028/,,Electrochemotherapy in treatment of canine oral non-tonsillar squamous cell carcinoma. A case series report,Vet Comp Oncol 2020,Bleomycin is used for canine/feline oral SCC only as the cytotoxic partner in electrochemotherapy (12-dog case series); systemic bleomycin is not a standard-of-care therapy for this tumor.,DrugBank,MeSH (NLM),literature (PMID 31419028)
41,DB00909,zonisamide,https://go.drugbank.com/drugs/DB00909,480,D020190,"Myoclonic Epilepsy, Juvenile",https://meshb.nlm.nih.gov/record/ui?ui=D020190,dog,standard_of_care,標準,SUPPORTED,prospective_trial,38780448,https://pubmed.ncbi.nlm.nih.gov/38780448/,10.1111/jvim.17108,https://pmc.ncbi.nlm.nih.gov/articles/PMC11256125/,,Clinical efficacy and tolerability of zonisamide monotherapy in dogs with newly diagnosed idiopathic epilepsy: Prospective open-label uncontrolled multicenter trial,J Vet Intern Med 2024,"Zonisamide is an accepted canine antiseizure drug (76% of 53 dogs had >=50% seizure reduction), but 2015 ACVIM graded it Level III/Grade C — weaker than phenobarbital — and I found no data specific to juvenile myoclonic epilepsy.",DrugBank,MeSH (NLM),literature (PMID 38780448)
83,DB01174,phenobarbital,https://go.drugbank.com/drugs/DB01174,480,D020190,"Myoclonic Epilepsy, Juvenile",https://meshb.nlm.nih.gov/record/ui?ui=D020190,dog,standard_of_care,標準犬癲癇,SUPPORTED,guideline,26899355,https://pubmed.ncbi.nlm.nih.gov/26899355/,10.1111/jvim.13841,https://pmc.ncbi.nlm.nih.gov/articles/PMC4913615/,,2015 ACVIM Small Animal Consensus Statement on Seizure Management in Dogs,J Vet Intern Med 2016,"Phenobarbital is Level I/Grade A first-line monotherapy for canine epilepsy generally; it was among the AEDs used in the 21 Rhodesian Ridgeback juvenile myoclonic epilepsy dogs (PMID 28223533) but levetiracetam/KBr appeared more effective, so support is for canine epilepsy broadly rather than JME specifically.",DrugBank,MeSH (NLM),literature (PMID 26899355)
84,DB01202,levetiracetam,https://go.drugbank.com/drugs/DB01202,480,D020190,"Myoclonic Epilepsy, Juvenile",https://meshb.nlm.nih.gov/record/ui?ui=D020190,dog,standard_of_care,標準,SUPPORTED,case_series,29194766,https://pubmed.ncbi.nlm.nih.gov/29194766/,10.1111/jvim.14892,https://pmc.ncbi.nlm.nih.gov/articles/PMC5787207/,,Absence Seizures as a Feature of Juvenile Myoclonic Epilepsy in Rhodesian Ridgeback Dogs,J Vet Intern Med 2018,"Disease-specific match: canine JME (DIRAS1, Rhodesian Ridgeback); levetiracetam gave 97.2% EEG-confirmed myoclonic seizure reduction and abolished absence seizures, and was rated most effective in the 21-dog cohort (PMID 28223533) — but evidence is one EEG-documented case plus owner-reported series, not a controlled trial.",DrugBank,MeSH (NLM),literature (PMID 29194766)
138,DB00829,diazepam,https://go.drugbank.com/drugs/DB00829,480,D020190,"Myoclonic Epilepsy, Juvenile",https://meshb.nlm.nih.gov/record/ui?ui=D020190,dog/cat,standard_of_care,標準急救,SUPPORTED,guideline,37921621,https://pubmed.ncbi.nlm.nih.gov/37921621/,10.1111/jvim.16928,https://onlinelibrary.wiley.com/doi/10.1111/jvim.16928,,ACVIM Consensus Statement on the management of status epilepticus and cluster seizures in dogs and cats,J Vet Intern Med 2024,"IV bolus diazepam is a first-line emergency option (ACVIM Recommendation A in dogs, B in cats), but this supports seizure-emergency rescue in general, not juvenile myoclonic epilepsy specifically; diazepam CRI is graded D in cats and should be avoided.",DrugBank,MeSH (NLM),literature (PMID 37921621)
50,DB00136,calcitriol,https://go.drugbank.com/drugs/DB00136,481,D007011,Hypoparathyroidism,https://meshb.nlm.nih.gov/record/ui?ui=D007011,dog/cat,standard_of_care,標準,SUPPORTED,guideline,,,,https://www.msdvetmanual.com/musculoskeletal-system/dystrophies-associated-with-calcium-phosphorus-and-vitamin-d/hypoparathyroidism-in-dogs,,Hypoparathyroidism in Dogs - Musculoskeletal System - MSD Veterinary Manual,,"MSD Veterinary Manual gives explicit calcitriol dosing (0.02-0.03 mcg/kg PO q24h loading, then 0.005-0.015 mcg/kg q24h) as lifelong therapy for hypoparathyroidism.",DrugBank,MeSH (NLM),literature (https://www.msdvetmanual.com/musculoskeletal-system/dystrophies-associated-with-calcium-phosphorus-and-vitamin-d/hypoparathyroidism-in-dogs)
106,DB00421,spironolactone,https://go.drugbank.com/drugs/DB00421,482,D006333,Heart Failure,https://meshb.nlm.nih.gov/record/ui?ui=D006333,dog,standard_of_care,標準,SUPPORTED,RCT,34028078,https://pubmed.ncbi.nlm.nih.gov/34028078/,10.1111/jvim.16155,https://pmc.ncbi.nlm.nih.gov/articles/PMC8295662/,,Clinical efficacy of a benazepril and spironolactone combination in dogs with congestive heart failure due to myxomatous mitral valve disease: The BEnazepril Spironolactone STudy (BESST),J Vet Intern Med 2021,Double-blind RCT (569 dogs) showed added spironolactone reduced risk of cardiac death/worsening; 2019 ACVIM guidelines separately recommend spironolactone as an adjunct for chronic Stage C heart failure.,DrugBank,MeSH (NLM),literature (PMID 34028078)
173,DB00695,furosemide,https://go.drugbank.com/drugs/DB00695,482,D006333,Heart Failure,https://meshb.nlm.nih.gov/record/ui?ui=D006333,dog,standard_of_care,標準,SUPPORTED,guideline,30974015,https://pubmed.ncbi.nlm.nih.gov/30974015/,10.1111/jvim.15488,https://academic.oup.com/jvim/article/33/3/1127/8448111,,ACVIM consensus guidelines for the diagnosis and treatment of myxomatous mitral valve disease in dogs,J Vet Intern Med 2019,Guideline states a loop diuretic (furosemide or torasemide) with pimobendan is the correct medical treatment for Stage C heart failure in dogs; furosemide is unambiguously standard of care.,DrugBank,MeSH (NLM),literature (PMID 30974015)
266,DB00542,benazepril,https://go.drugbank.com/drugs/DB00542,482,D006333,Heart Failure,https://meshb.nlm.nih.gov/record/ui?ui=D006333,dog,standard_of_care,標準,SUPPORTED,RCT,34028078,https://pubmed.ncbi.nlm.nih.gov/34028078/,10.1111/jvim.16155,https://pmc.ncbi.nlm.nih.gov/articles/PMC8295662/,,Clinical efficacy of a benazepril and spironolactone combination in dogs with congestive heart failure due to myxomatous mitral valve disease: The BEnazepril Spironolactone STudy (BESST),J Vet Intern Med 2021,Benazepril was the backbone ACE-inhibitor therapy in both arms of this 569-dog RCT; 2019 ACVIM guidelines (PMID 30974015) name benazepril as an ACEI option for Stage C heart failure.,DrugBank,MeSH (NLM),literature (PMID 34028078)
511,DB00584,enalapril,https://go.drugbank.com/drugs/DB00584,482,D006333,Heart Failure,https://meshb.nlm.nih.gov/record/ui?ui=D006333,dog,standard_of_care,標準犬心衰,SUPPORTED,RCT,8523321,https://pubmed.ncbi.nlm.nih.gov/8523321/,10.1111/j.1939-1676.1995.tb01075.x,https://pubmed.ncbi.nlm.nih.gov/8523321/,,Controlled clinical evaluation of enalapril in dogs with heart failure: results of the Cooperative Veterinary Enalapril Study Group,J Vet Intern Med 1995,"Placebo-controlled RCT (211 dogs, MR/DCM) with all 14 clinical variables improved; 2019 ACVIM MMVD guidelines (PMID 30974015) also direct 'continue or start ACEI (eg, enalapril or benazepril)' in Stage C.",DrugBank,MeSH (NLM),literature (PMID 8523321)
880,DB00390,digoxin,https://go.drugbank.com/drugs/DB00390,482,D006333,Heart Failure,https://meshb.nlm.nih.gov/record/ui?ui=D006333,dog,standard_of_care,標準,SUPPORTED,guideline,30974015,https://pubmed.ncbi.nlm.nih.gov/30974015/,10.1111/jvim.15488,https://academic.oup.com/jvim/article/33/3/1127/8448111,,ACVIM consensus guidelines for the diagnosis and treatment of myxomatous mitral valve disease in dogs,J Vet Intern Med 2019,"Guideline recommends digoxin in Stage C heart failure ONLY when complicated by persistent atrial fibrillation, to slow ventricular rate — it is not standard therapy for canine heart failure per se, so the 標準 label is too broad.",DrugBank,MeSH (NLM),literature (PMID 30974015)
18,DB00997,doxorubicin,https://go.drugbank.com/drugs/DB00997,483,D012516,Osteosarcoma,https://meshb.nlm.nih.gov/record/ui?ui=D012516,dog,standard_of_care,標準,SUPPORTED,prospective_trial,3230557,https://pubmed.ncbi.nlm.nih.gov/3230557/,10.1111/j.1939-1676.1988.tb00313.x,https://pubmed.ncbi.nlm.nih.gov/3230557/,,Canine osteosarcoma. Treatment by amputation versus amputation and adjuvant chemotherapy using doxorubicin and cisplatin,J Vet Intern Med 1988,Amputation plus doxorubicin/cisplatin roughly doubled median survival (300 vs 175 d); doxorubicin-based adjuvant chemo is established standard of care in canine appendicular OSA.,DrugBank,MeSH (NLM),literature (PMID 3230557)
18,DB00997,doxorubicin,https://go.drugbank.com/drugs/DB00997,484,D006528,"Carcinoma, Hepatocellular",https://meshb.nlm.nih.gov/record/ui?ui=D006528,dog,standard_of_care,標準,WEAK,prospective_trial,33955600,https://pubmed.ncbi.nlm.nih.gov/33955600/,10.1111/jvim.16109,https://pubmed.ncbi.nlm.nih.gov/33955600/,,Drug-eluting bead chemoembolization for the treatment of nonresectable hepatic carcinoma in dogs: A prospective clinical trial,J Vet Intern Med 2021,"Only solid canine evidence is doxorubicin delivered by drug-eluting bead TACE for NONRESECTABLE HCC (85% stable disease/partial response, 13 dogs, 2 treatment-related deaths); surgery is the treatment of choice and systemic doxorubicin is reported as unsatisfactory - not standard of care.",DrugBank,MeSH (NLM),literature (PMID 33955600)
6,DB00635,prednisone,https://go.drugbank.com/drugs/DB00635,485,D018273,"Carcinoma, Islet Cell",https://meshb.nlm.nih.gov/record/ui?ui=D018273,dog,standard_of_care,標準,SUPPORTED,guideline,,,,https://www.merckvetmanual.com/endocrine-system/the-pancreas/islet-cell-tumors-in-dogs-and-cats,,Islet Cell Tumors in Dogs and Cats - Merck Veterinary Manual,,"Merck Vet Manual states 'Glucocorticoids, such as prednisolone (0.25 mg/kg, PO, every 12 hours longterm), are an alternative to diazoxide'; source names prednisolone specifically, though prednisone is used interchangeably in dogs.",DrugBank,MeSH (NLM),literature (https://www.merckvetmanual.com/endocrine-system/the-pancreas/islet-cell-tumors-in-dogs-and-cats)
521,DB00428,streptozocin,https://go.drugbank.com/drugs/DB00428,485,D018273,"Carcinoma, Islet Cell",https://meshb.nlm.nih.gov/record/ui?ui=D018273,dog,standard_of_care,標準,SUPPORTED,prospective_trial,23600734,https://pubmed.ncbi.nlm.nih.gov/23600734/,10.1111/jvim.12086,https://pubmed.ncbi.nlm.nih.gov/23600734/,,Prospective evaluation of biweekly streptozotocin in 19 dogs with insulinoma,J Vet Intern Med 2013;27(3):483-90,"Real prospective canine trial (median PFS 196 d, OS 308 d) and the only chemo agent with demonstrated antitumor activity, but reserved as adjuvant for metastatic/recurrent disease - Merck notes 'high risk of severe adverse effects' (diabetes mellitus in 8/19) and does not recommend it as primary treatment.",DrugBank,MeSH (NLM),literature (PMID 23600734)
544,DB01119,diazoxide,https://go.drugbank.com/drugs/DB01119,485,D018273,"Carcinoma, Islet Cell",https://meshb.nlm.nih.gov/record/ui?ui=D018273,dog,standard_of_care,標準犬胰島素瘤,SUPPORTED,guideline,,,,https://www.merckvetmanual.com/endocrine-system/the-pancreas/islet-cell-tumors-in-dogs-and-cats,,Islet Cell Tumors in Dogs and Cats - Merck Veterinary Manual,,Merck Vet Manual states 'Diazoxide ... is the preferred drug for treating insulinomas'; extra-label but the accepted first-line medical management of canine insulinoma hypoglycemia (controls signs in 59-85% of dogs).,DrugBank,MeSH (NLM),literature (https://www.merckvetmanual.com/endocrine-system/the-pancreas/islet-cell-tumors-in-dogs-and-cats)
49,DB01005,hydroxyurea,https://go.drugbank.com/drugs/DB01005,486,D011087,Polycythemia Vera,https://meshb.nlm.nih.gov/record/ui?ui=D011087,dog/cat,standard_of_care,標準犬紅血球增多,SUPPORTED,guideline,,,,https://www.merckvetmanual.com/circulatory-system/erythrocytosis-polycythemia/erythrocytosis-polycythemia-in-animals,,Erythrocytosis (Polycythemia) in Animals - Merck Veterinary Manual,Merck Veterinary Manual (accessed 2026),"Merck Vet Manual: 'Periodic phlebotomy with or without extra-label administration of hydroxyurea (30 mg/kg q24h PO for 7-10 days, then 15 mg/kg q24h, titrated to lowest effective dose) has been advocated in affected dogs and cats' - standard alongside phlebotomy for primary erythrocytosis/PV.",DrugBank,MeSH (NLM),literature (https://www.merckvetmanual.com/circulatory-system/erythrocytosis-polycythemia/erythrocytosis-polycythemia-in-animals)
27,DB00681,amphotericin,https://go.drugbank.com/drugs/DB00681,487,D003453,Cryptococcosis,https://meshb.nlm.nih.gov/record/ui?ui=D003453,dog/cat,standard_of_care,標準隱球菌,SUPPORTED,case_series,8660225,https://pubmed.ncbi.nlm.nih.gov/8660225/,10.1111/j.1751-0813.1996.tb10003.x,https://pubmed.ncbi.nlm.nih.gov/8660225/,,Combination chemotherapy of canine and feline cryptococcosis using subcutaneously administered amphotericin B,Aust Vet J 1996,"Standard for severe/CNS/disseminated cryptococcosis, typically combined with an azole; azole monotherapy suffices for milder disease.",DrugBank,MeSH (NLM),literature (PMID 8660225)
393,DB00196,fluconazole,https://go.drugbank.com/drugs/DB00196,487,D003453,Cryptococcosis,https://meshb.nlm.nih.gov/record/ui?ui=D003453,cat,standard_of_care,標準,SUPPORTED,case_series,1588463,https://pubmed.ncbi.nlm.nih.gov/1588463/,10.1080/02681219280000181,https://pubmed.ncbi.nlm.nih.gov/1588463/,,Cryptococcosis in cats: clinical and mycological assessment of 29 cases and evaluation of treatment using orally administered fluconazole,J Med Vet Mycol 1992,Fluconazole is a first-line oral agent for feline cryptococcosis (excellent response in 29 cases); ABCD feline guideline also covers this indication.,DrugBank,MeSH (NLM),literature (PMID 1588463)
99,DB01211,clarithromycin,https://go.drugbank.com/drugs/DB01211,488,D009165,"Mycobacterium Infections, Nontuberculous",https://meshb.nlm.nih.gov/record/ui?ui=D009165,cat,standard_of_care,標準分枝桿菌,SUPPORTED,guideline,23813823,https://pubmed.ncbi.nlm.nih.gov/23813823/,10.1177/1098612X13489221,https://pmc.ncbi.nlm.nih.gov/articles/PMC11148952/,,Mycobacterioses in Cats: ABCD guidelines on prevention and management,J Feline Med Surg 2013;15(7):591-597,"ABCD (European Advisory Board on Cat Diseases) guideline recommends 'clarithromycin 125 mg/cat q24h ... for 6-9 months' as part of 2-3 drug combination therapy for the NTM group, and lists clarithromycin as first-line for MAC infection; evidence base is feline (dogs less well documented), and ~37% clarithromycin resistance is reported among mycobacterial isolates so susceptibility testing is advised.",DrugBank,MeSH (NLM),literature (PMID 23813823)
390,DB00615,rifabutin,https://go.drugbank.com/drugs/DB00615,488,D009165,"Mycobacterium Infections, Nontuberculous",https://meshb.nlm.nih.gov/record/ui?ui=D009165,,standard_of_care,標準,NOT_FOUND,,,,,,,,,"No veterinary literature found for RIFABUTIN specifically in dogs or cats: the ABCD feline mycobacterioses guideline (PMID 23813823), the Merck Vet Manual rifamycins page and the VetTimes feline mycobacteriosis review all recommend RIFAMPICIN (rifampin) and none mentions rifabutin at all. Likely a human-MAC/HIV-derived edge, or drug-class confusion with rifampicin.",DrugBank,MeSH (NLM),"UNVERIFIED — 人工策展,無引用"
352,DB00648,mitotane,https://go.drugbank.com/drugs/DB00648,489,D003480,Cushing Syndrome,https://meshb.nlm.nih.gov/record/ui?ui=D003480,dog,standard_of_care,標準犬庫欣,SUPPORTED,case_series,1656032,https://pubmed.ncbi.nlm.nih.gov/1656032/,10.1111/j.1939-1676.1991.tb00945.x,https://pubmed.ncbi.nlm.nih.gov/1656032/,,"Mitotane (o,p'-DDD) treatment of 200 dogs with pituitary-dependent hyperadrenocorticism",J Vet Intern Med 1991,">80% of dogs treated beyond 3 months had good-to-excellent response; mitotane is an established canine Cushing's therapy, though trilostane is now generally preferred first-line in current practice.",DrugBank,MeSH (NLM),literature (PMID 1656032)
27,DB00681,amphotericin,https://go.drugbank.com/drugs/DB00681,490,D002862,Chromoblastomycosis,https://meshb.nlm.nih.gov/record/ui?ui=D002862,dog,standard_of_care,標準,WEAK,case_series,12240776,https://pubmed.ncbi.nlm.nih.gov/12240776/,,https://pubmed.ncbi.nlm.nih.gov/12240776/,,The use of liposomal amphotericin B in the management of Xylohypha bantiana mycosis in a dog,J S Afr Vet Assoc 2002,"DOUBT: no chromoblastomycosis-specific dog/cat evidence found; the cited case is phaeohyphomycosis (a related but distinct dematiaceous-fungal entity). LABEL MISMATCH: evidence_label says blastomycosis, for which amphotericin B IS standard in severe disease.",DrugBank,MeSH (NLM),literature (PMID 12240776)
31,DB01167,itraconazole,https://go.drugbank.com/drugs/DB01167,490,D002862,Chromoblastomycosis,https://meshb.nlm.nih.gov/record/ui?ui=D002862,cat,standard_of_care,標準芽生菌,WEAK,case_series,25425600,https://pubmed.ncbi.nlm.nih.gov/25425600/,10.1177/1098612X14559954,https://pubmed.ncbi.nlm.nih.gov/25425600/,,South African report of first case of chromoblastomycosis caused by Cladosporium (syn Cladophialophora) carrionii infection in a cat with feline immunodeficiency virus and lymphosarcoma,J Feline Med Surg 2015,"LABEL MISMATCH: evidence_label says blastomycosis (D001759) but MeSH D002862 is confirmed Chromoblastomycosis; the only feline chromoblastomycosis case found had itraconazole treatment explicitly FAIL, so this is not standard of care for the stated disease.",DrugBank,MeSH (NLM),literature (PMID 25425600)
151,DB00035,desmopressin,https://go.drugbank.com/drugs/DB00035,491,D020790,"Diabetes Insipidus, Neurogenic",https://meshb.nlm.nih.gov/record/ui?ui=D020790,dog/cat,standard_of_care,標準犬尿崩,SUPPORTED,guideline,,,,https://www.merckvetmanual.com/endocrine-system/the-pituitary-gland/diabetes-insipidus-in-animals,,Diabetes Insipidus in Animals - Merck Veterinary Manual,,"Merck Vet Manual states 'The primary treatment for central diabetes insipidus is desmopressin acetate'; lifelong therapy, extra-label but universally accepted.",DrugBank,MeSH (NLM),literature (https://www.merckvetmanual.com/endocrine-system/the-pituitary-gland/diabetes-insipidus-in-animals)
31,DB01167,itraconazole,https://go.drugbank.com/drugs/DB01167,492,D006660,Histoplasmosis,https://meshb.nlm.nih.gov/record/ui?ui=D006660,dog/cat,standard_of_care,標準組織胞漿菌,SUPPORTED,guideline,,,,https://www.merckvetmanual.com/infectious-diseases/fungal-infections/histoplasmosis-in-animals,,Histoplasmosis in Animals - Infectious Diseases - Merck Veterinary Manual,,Merck Veterinary Manual states verbatim that itraconazole (10 mg/kg q24h) is the treatment of choice for disseminated histoplasmosis in dogs and cats.,DrugBank,MeSH (NLM),literature (https://www.merckvetmanual.com/infectious-diseases/fungal-infections/histoplasmosis-in-animals)
126,DB00440,trimethoprim,https://go.drugbank.com/drugs/DB00440,493,D011020,"Pneumonia, Pneumocystis",https://meshb.nlm.nih.gov/record/ui?ui=D011020,dog,standard_of_care,標準肺囊蟲,SUPPORTED,review,29145787,https://pubmed.ncbi.nlm.nih.gov/29145787/,10.1177/1040638717742429,https://pmc.ncbi.nlm.nih.gov/articles/PMC6504147/,,"Pneumocystosis in dogs: meta-analysis of 43 published cases including clinical signs, diagnostic procedures, and treatment",J Vet Diagn Invest 2018,"Trimethoprim-sulfonamide is the most commonly used and most successful therapy for canine pneumocystosis (11/17 treated dogs survived); authors conclude prompt TMP-sulfonamide plus low anti-inflammatory corticosteroid doses substantially increases survival. Caveat: trimethoprim is always given as the TMP-sulfonamide COMBINATION, never as a single agent.",DrugBank,MeSH (NLM),literature (PMID 29145787)
370,DB00437,allopurinol,https://go.drugbank.com/drugs/DB00437,494,D007896,Leishmaniasis,https://meshb.nlm.nih.gov/record/ui?ui=D007896,dog,standard_of_care,標準犬利什曼,SUPPORTED,guideline,21599936,https://pubmed.ncbi.nlm.nih.gov/21599936/,,https://pubmed.ncbi.nlm.nih.gov/21599936/,,LeishVet guidelines for the practical management of canine leishmaniosis,Parasit Vectors 2011,Allopurinol is standard first-line therapy but only in combination (with meglumine antimoniate or miltefosine); LeishVet does not recommend allopurinol monotherapy.,DrugBank,MeSH (NLM),literature (PMID 21599936)
662,DB01586,ursodiol,https://go.drugbank.com/drugs/DB01586,496,D002780,"Cholestasis, Intrahepatic",https://meshb.nlm.nih.gov/record/ui?ui=D002780,dog/cat,standard_of_care,標準膽汁鬱積,SUPPORTED,guideline,30844094,https://pubmed.ncbi.nlm.nih.gov/30844094/,10.1111/jvim.15467,https://onlinelibrary.wiley.com/doi/10.1111/jvim.15467,,ACVIM consensus statement on the diagnosis and treatment of chronic hepatitis in dogs,J Vet Intern Med 2019,"ACVIM consensus recommends UDCA for dogs with chronic hepatitis showing cholestasis; Merck Vet Manual canine cholangiohepatitis page states ursodiol may benefit dogs and cats with any cause of intrahepatic cholestasis (10-15 mg/kg/day) - off-label but standard adjunctive choleretic, contraindicated in complete biliary obstruction.",DrugBank,MeSH (NLM),literature (PMID 30844094)
18,DB00997,doxorubicin,https://go.drugbank.com/drugs/DB00997,497,D013964,Thyroid Neoplasms,https://meshb.nlm.nih.gov/record/ui?ui=D013964,dog,standard_of_care,標準犬甲狀腺癌,WEAK,case_series,22379200,https://pubmed.ncbi.nlm.nih.gov/22379200/,,https://pmc.ncbi.nlm.nih.gov/articles/PMC3157075/,,Evaluation of the use of chemotherapy and other prognostic variables for surgically excised canine thyroid carcinoma with and without metastasis,Can Vet J 2011,"Doxorubicin is commonly given for canine thyroid carcinoma (reported response rates 30-50%), but this retrospective study found no significant survival benefit over surgery alone (518 vs 510 days) and 'no variable tested (... doxorubicin versus platinum ...) had a significant impact on survival'; surgery is the standard. DOI not shown on source.",DrugBank,MeSH (NLM),literature (PMID 22379200)
352,DB00648,mitotane,https://go.drugbank.com/drugs/DB00648,498,D000306,Adrenal Cortex Neoplasms,https://meshb.nlm.nih.gov/record/ui?ui=D000306,dog,standard_of_care,標準犬腎上腺腫瘤,SUPPORTED,case_series,7928549,https://pubmed.ncbi.nlm.nih.gov/7928549/,,https://avmajournals.avma.org/view/journals/javma/205/1/javma.1994.205.01.54.xml,,Mitotane treatment of 32 dogs with cortisol-secreting adrenocortical neoplasms,J Am Vet Med Assoc 1994,Established medical alternative to adrenalectomy for canine cortisol-secreting adrenocortical tumors (66% good-to-excellent response); trilostane is now a common co-equal alternative.,DrugBank,MeSH (NLM),literature (PMID 7928549)
18,DB00997,doxorubicin,https://go.drugbank.com/drugs/DB00997,499,D006394,Hemangiosarcoma,https://meshb.nlm.nih.gov/record/ui?ui=D006394,dog,standard_of_care,標準犬血管肉瘤,SUPPORTED,case_series,8114034,https://pubmed.ncbi.nlm.nih.gov/8114034/,10.1111/j.1939-1676.1993.tb01033.x,https://pubmed.ncbi.nlm.nih.gov/8114034/,,Chemotherapy of canine hemangiosarcoma with doxorubicin and cyclophosphamide,J Vet Intern Med 1993,"Small (n=16) study vs historical controls, but doxorubicin-based adjuvant protocols after splenectomy are widely described as standard of care for canine HSA; survival gains are modest.",DrugBank,MeSH (NLM),literature (PMID 8114034)
366,DB00859,penicillamine,https://go.drugbank.com/drugs/DB00859,500,D006527,Hepatolenticular Degeneration,https://meshb.nlm.nih.gov/record/ui?ui=D006527,dog,standard_of_care,標準犬銅肝病,SUPPORTED,guideline,30844094,https://pubmed.ncbi.nlm.nih.gov/30844094/,10.1111/jvim.15467,https://academic.oup.com/jvim/article/33/3/1173/8448093,,ACVIM consensus statement on the diagnosis and treatment of chronic hepatitis in dogs,J Vet Intern Med 2019;33(3):1173-1200,"Consensus states 'D-penicillamine is the Cu chelator of choice' at 10-15 mg/kg BID; MeSH term is human Wilson disease, the canine counterpart being copper-associated hepatopathy/chronic hepatitis.",DrugBank,MeSH (NLM),literature (PMID 30844094)
143,DB00758,clopidogrel,https://go.drugbank.com/drugs/DB00758,501,D024741,"Cardiomyopathy, Hypertrophic, Familial",https://meshb.nlm.nih.gov/record/ui?ui=D024741,cat,standard_of_care,標準抗栓,SUPPORTED,RCT,26776588,https://pubmed.ncbi.nlm.nih.gov/26776588/,10.1016/j.jvc.2015.10.004,https://pubmed.ncbi.nlm.nih.gov/26776588/,,"Secondary prevention of cardiogenic arterial thromboembolism in the cat: The double-blind, randomized, positive-controlled feline arterial thromboembolism; clopidogrel vs. aspirin trial (FAT CAT)",J Vet Cardiol 2015,"FAT CAT RCT showed clopidogrel superior to aspirin for preventing recurrent CATE; 2020 ACVIM consensus (PMID 32243654) recommends clopidogrel in cats at risk of ATE - thromboprophylaxis adjunct to HCM, not HCM therapy itself.",DrugBank,MeSH (NLM),literature (PMID 26776588)
153,DB00335,atenolol,https://go.drugbank.com/drugs/DB00335,501,D024741,"Cardiomyopathy, Hypertrophic, Familial",https://meshb.nlm.nih.gov/record/ui?ui=D024741,cat,standard_of_care,標準貓HCM,WEAK,guideline,32243654,https://pubmed.ncbi.nlm.nih.gov/32243654/,10.1111/jvim.15745,https://pmc.ncbi.nlm.nih.gov/articles/PMC7255676/,,"ACVIM consensus statement guidelines for the classification, diagnosis, and management of cardiomyopathies in cats",J Vet Intern Med 2020;34(3):1062-1077,"The '標準貓HCM' label is contradicted by the 2020 ACVIM consensus: 'atenolol has not been shown to have any effect on the 5-year survival rate in cats with subclinical HCM'; it only 'may be considered' for stage B1 with severe DLVOTO or for ventricular ectopy/AF rate control, all at low level of evidence.",DrugBank,MeSH (NLM),literature (PMID 32243654)
189,DB00343,diltiazem,https://go.drugbank.com/drugs/DB00343,501,D024741,"Cardiomyopathy, Hypertrophic, Familial",https://meshb.nlm.nih.gov/record/ui?ui=D024741,cat,standard_of_care,標準,WEAK,prospective_trial,1836234,https://pubmed.ncbi.nlm.nih.gov/1836234/,10.1111/j.1939-1676.1991.tb03134.x,https://pubmed.ncbi.nlm.nih.gov/1836234/,,Evaluation of the calcium channel-blocking agents diltiazem and verapamil for treatment of feline hypertrophic cardiomyopathy,J Vet Intern Med 1991,"Real feline HCM data exist (1991 JVIM trial, 12 cats) but the 2020 ACVIM consensus (PMID 32243654) does NOT endorse diltiazem for routine HCM management - only 'may be considered' for atrial fibrillation rate control; historical use, not current standard.",DrugBank,MeSH (NLM),literature (PMID 1836234)
0,DB00860,prednisolone,https://go.drugbank.com/drugs/DB00860,502,D019693,"Hepatitis, Autoimmune",https://meshb.nlm.nih.gov/record/ui?ui=D019693,dog,standard_of_care,標準,SUPPORTED,guideline,30844094,https://pubmed.ncbi.nlm.nih.gov/30844094/,10.1111/jvim.15467,https://academic.oup.com/jvim/article/33/3/1173/8448093,,ACVIM consensus statement on the diagnosis and treatment of chronic hepatitis in dogs,J Vet Intern Med 2019;33(3):1173-1200,"Corticosteroids are the accepted mainstay for idiopathic/presumed immune-mediated canine chronic hepatitis once copper and infection are excluded, but the consensus is cautious ('short courses of an anti-inflammatory dosage of corticosteroids may be beneficial') and no prospective trials exist.",DrugBank,MeSH (NLM),literature (PMID 30844094)
13,DB00993,azathioprine,https://go.drugbank.com/drugs/DB00993,502,D019693,"Hepatitis, Autoimmune",https://meshb.nlm.nih.gov/record/ui?ui=D019693,dog,standard_of_care,標準犬自體免疫肝炎,WEAK,guideline,30844094,https://pubmed.ncbi.nlm.nih.gov/30844094/,10.1111/jvim.15467,https://academic.oup.com/jvim/article/33/3/1173/8448093,,ACVIM consensus statement on the diagnosis and treatment of chronic hepatitis in dogs,J Vet Intern Med 2019;33(3):1173-1200,"Consensus names azathioprine as an option some panelists combine with corticosteroids, but explicitly says none of these agents 'have been evaluated in prospective clinical trials' and 'not enough evidence is available to recommend an optimal immunosuppressive protocol' - adjunct, not standard.",DrugBank,MeSH (NLM),literature (PMID 30844094)
0,DB00860,prednisolone,https://go.drugbank.com/drugs/DB00860,503,D007946,"Leukemia, Mast-Cell",https://meshb.nlm.nih.gov/record/ui?ui=D007946,dog/cat,standard_of_care,標準,SUPPORTED,guideline,22882486,https://pubmed.ncbi.nlm.nih.gov/22882486/,10.1111/j.1476-5829.2012.00341.x,https://pubmed.ncbi.nlm.nih.gov/22882486/,,European consensus document on mast cell tumours in dogs and cats,Vet Comp Oncol 2012,"Consensus-level source covering both dogs and cats; corticosteroids are a core component (vinblastine + prednisolone most commonly used). Primary data for the steroid alone used prednisone, not prednisolone (PMID 7884726, 20% response as sole agent).",DrugBank,MeSH (NLM),literature (PMID 22882486)
60,DB00570,vinblastine,https://go.drugbank.com/drugs/DB00570,503,D007946,"Leukemia, Mast-Cell",https://meshb.nlm.nih.gov/record/ui?ui=D007946,dog,standard_of_care,標準,SUPPORTED,prospective_trial,19000249,https://pubmed.ncbi.nlm.nih.gov/19000249/,10.1111/j.1939-1676.2008.0195.x,https://pubmed.ncbi.nlm.nih.gov/19000249/,,Efficacy of vinblastine for treatment of canine mast cell tumors,J Vet Intern Med 2008,"Vinblastine + prednisolone is the most commonly used conventional chemo for canine mast cell disease (European consensus PMID 22882486); caveat: trial evidence is for cutaneous grade II/III mast cell TUMOUR, whereas MeSH D007946 is the rare disseminated mast cell leukemia form, so the disease mapping is a proxy.",DrugBank,MeSH (NLM),literature (PMID 19000249)
203,DB00291,chlorambucil,https://go.drugbank.com/drugs/DB00291,503,D007946,"Leukemia, Mast-Cell",https://meshb.nlm.nih.gov/record/ui?ui=D007946,dog,standard_of_care,標準,SUPPORTED,case_series,19527421,https://pubmed.ncbi.nlm.nih.gov/19527421/,10.1111/j.1748-5827.2009.00732.x,https://pubmed.ncbi.nlm.nih.gov/19527421/,,Chlorambucil and prednisolone chemotherapy for dogs with inoperable mast cell tumours: 21 cases,J Small Anim Pract 2009,"Real canine use (38% response) but positioned as a metronomic ALTERNATIVE for dogs unsuitable for surgery/radiotherapy, not first-line standard; also listed as an option in feline MCT though never evaluated prospectively in cats.",DrugBank,MeSH (NLM),literature (PMID 19527421)
688,DB01206,lomustine,https://go.drugbank.com/drugs/DB01206,503,D007946,"Leukemia, Mast-Cell",https://meshb.nlm.nih.gov/record/ui?ui=D007946,dog,standard_of_care,標準,SUPPORTED,case_series,10587263,https://pubmed.ncbi.nlm.nih.gov/10587263/,10.1892/0891-6640(1999)013<0601:tocmct>2.3.co;2,https://pubmed.ncbi.nlm.nih.gov/10587263/,,Treatment of canine mast cell tumors with CCNU (lomustine),J Vet Intern Med 1999,"42% measurable response; authors concluded CCNU 'should be considered an active agent' for canine MCT, and consensus protocols use CCNU alone or alternating with vinblastine; same mast-cell-tumour vs mast-cell-leukemia proxy caveat.",DrugBank,MeSH (NLM),literature (PMID 10587263)
