pet_disease_id,pet_disease_name,human_disease_id,human_disease_name,mesh_id,mesh_url,sim_claimed,n_pet_labels,verdict,sim_1_0_defensible,occurs_in,vet_counterpart_name,key_difference,pmid,pubmed_url,url,source_name,note,source_disease_db,source_bridge
468,Depression,35,Depression,D003863,https://meshb.nlm.nih.gov/record/ui?ui=D003863,1.0,1,NOT_A_VET_DISEASE,False,neither,,"Depression is not a formal veterinary diagnosis -- veterinarians treat it as a behavioural/emotional change reached only as a diagnosis of exclusion after ruling out medical causes, and generally manage it with enrichment rather than antidepressant pharmacotherapy.",,,https://vetmed.tamu.edu/news/pet-talk/depression-in-pets/,"Texas A&M College of Veterinary Medicine, Pet Talk",Confirms the parallel audit's calibration; an AAHA Trends article stating 'there is no official depression diagnosis for dogs and cats' appeared in search results but the page itself returned HTTP 403 so I cite only the source I could read.,MeSH (NLM),source (https://vetmed.tamu.edu/news/pet-talk/depression-in-pets/)
464,"Colitis, Ulcerative",24,"Colitis, Ulcerative",D003093,https://meshb.nlm.nih.gov/record/ui?ui=D003093,1.0,4,DIFFERENT_ENTITY,False,dog,Canine chronic inflammatory enteropathy (CIE); histiocytic ulcerative (granulomatous) colitis of Boxers and French Bulldogs,"Human UC is an idiopathic immune-mediated colitis, whereas the same-named canine disease (histiocytic ulcerative colitis) is caused by invasive intramucosal E. coli and remits on enrofloxacin, and general canine colitis is classified as treatment-defined chronic enteropathy rather than UC.",19678891,https://pubmed.ncbi.nlm.nih.gov/19678891/,https://pubmed.ncbi.nlm.nih.gov/19678891/,"J Vet Intern Med 2009, 'Remission of histiocytic ulcerative colitis in Boxer dogs correlates with eradication of invasive intramucosal Escherichia coli'","Confirms the parallel audit's calibration; Dandrieux 2016 (J Small Anim Pract, https://onlinelibrary.wiley.com/doi/abs/10.1111/jsap.12588) argues 'chronic enteropathy' is the correct canine term because treatment and outcome differ from human IBD -- I could not verify a PMID for that paper so none is cited.",MeSH (NLM),literature (PMID 19678891)
462,Precursor Cell Lymphoblastic Leukemia-Lymphoma,16,Precursor Cell Lymphoblastic Leukemia-Lymphoma,D054198,https://meshb.nlm.nih.gov/record/ui?ui=D054198,1.0,11,ANALOGOUS,False,dog,Canine acute lymphoblastic leukemia / lymphoblastic lymphoma,"Canine ALL is almost always T-cell in origin, arises in middle-aged/older dogs (median 7-8 years) and is near-uniformly fatal (median survival 25-50 days), whereas human ALL is predominantly B-precursor, chiefly pediatric, and largely curable.",32038991,https://pubmed.ncbi.nlm.nih.gov/32038991/,https://pmc.ncbi.nlm.nih.gov/articles/PMC6992561/,"Avery AC, 'The Genetic and Molecular Basis for Canine Models of Human Leukemia and Lymphoma', Front Oncol 2020;10:23","Real precursor-lymphoid neoplasm in dogs, but lineage, age structure and natural history all diverge from human ALL; further doubt - up to ~50% of canine acute leukemias called lymphoid on morphology are reclassified as myeloid on immunophenotyping, so the 11 pet labels on this node may be partly mis-assigned. Feline ALL not well characterized in the sources I saw; occurs_in set to 'dog' for that reason.",MeSH (NLM),literature (PMID 32038991)
482,Heart Failure,166,Heart Failure,D006333,https://meshb.nlm.nih.gov/record/ui?ui=D006333,1.0,5,ANALOGOUS,False,dog/cat,Congestive heart failure secondary to myxomatous mitral valve disease or DCM (dogs) / hypertrophic cardiomyopathy (cats),"The CHF syndrome itself is real in both species, but the etiologic substrate is fundamentally different: dogs fail from degenerative mitral valve disease or DCM and cats from HCM, whereas human HF is predominantly ischemic/hypertensive, and coronary artery disease and myocardial infarction are rare in dogs.",,,https://www.merckvetmanual.com/dog-owners/heart-and-blood-vessel-disorders-of-dogs/heart-failure-in-dogs,Merck Vet Manual,"Merck explicitly frames HF as 'not a specific disease or diagnosis. It is a syndrome' — a syndrome-level MeSH node whose upstream biology diverges by species, so sim=1.0 overstates a genuinely useful but non-identical bridge.",MeSH (NLM),source (https://www.merckvetmanual.com/dog-owners/heart-and-blood-vessel-disorders-of-dogs/heart-failure-in-dogs)
457,Breast Neoplasms,4,Breast Neoplasms,D001943,https://meshb.nlm.nih.gov/record/ui?ui=D001943,1.0,4,ANALOGOUS,False,dog/cat,Canine/feline mammary gland tumours,"Roughly half of canine mammary tumours are benign and mixed (myoepithelial-containing) tumours are the single most common canine type despite being rare in the human breast, while feline mammary tumours run ~80-90% malignant and highly metastatic - so the subtype and behaviour distribution differs sharply from human breast cancer in both directions.",,,https://www.ncbi.nlm.nih.gov/pmc/articles/PMC11101259/,"Razavirad et al., 'Canine Mammary Tumors as a Potential Model for Human Breast Cancer in Comparative Oncology', Vet Med Int 2024","Genuine and clinically/molecularly similar disease, but dog and cat sit on opposite sides of human breast cancer's malignancy spectrum, so one 1.0 edge for a species-agnostic 'pet' node overstates both; feline 80-90% malignant figure seen in search results (Merck Vet Manual / Cornell Feline Health Center), not fetched directly.",MeSH (NLM),source (https://www.ncbi.nlm.nih.gov/pmc/articles/PMC11101259/)
460,"Arthritis, Rheumatoid",12,"Arthritis, Rheumatoid",D001172,https://meshb.nlm.nih.gov/record/ui?ui=D001172,1.0,4,ANALOGOUS,False,dog/cat,Erosive immune-mediated polyarthritis (canine rheumatoid arthritis; feline rheumatoid-like arthritis),"Canine/feline RA is a RARE erosive subset of immune-mediated polyarthritis - non-erosive IMPA is far more common and is the disease usually being treated - and rheumatoid factor performs poorly as a marker, unlike seropositive human RA where RF is part of the 2010 classification criteria.",,,https://www.merckvetmanual.com/musculoskeletal-system/arthropathies-and-related-disorders-in-small-animals/immune-mediated-polyarthritis-in-dogs-and-cats,"MSD/Merck Vet Manual, Immune-Mediated Polyarthritis in Dogs and Cats","Independently confirms the calibration example; MSD classes RA under erosive IMPA in dogs and 'feline rheumatoid-like arthritis' in cats. Honest flag: sources conflict on rheumatoid factor - some report RF uncommon and low-titre in canine RA, another reports RF >1:8 in 72.2% of definite canine RA, so I state only that RF has limited diagnostic value, which both agree on.",MeSH (NLM),source (https://www.merckvetmanual.com/musculoskeletal-system/arthropathies-and-related-disorders-in-small-animals/immune-mediated-polyarthritis-in-dogs-and-cats)
467,"Glaucoma, Open-Angle",31,"Glaucoma, Open-Angle",D005902,https://meshb.nlm.nih.gov/record/ui?ui=D005902,1.0,4,ANALOGOUS,False,dog/cat,"Primary open-angle glaucoma (breed-restricted, ADAMTS10/ADAMTS17); most canine primary glaucoma is goniodysgenesis/angle-closure","Canine POAG is a rare early-onset monogenic recessive disease of a few breeds (Beagle and Norwegian Elkhound via ADAMTS10, Basset Hound via ADAMTS17) whereas human POAG is common, adult-onset and polygenic, and most canine primary glaucoma involves progressive iridocorneal angle closure rather than an open angle.",,,https://www.msdvetmanual.com/eye-diseases-and-disorders/ophthalmology/glaucoma-in-animals,"MSD Vet Manual, 'Glaucoma in Animals'","POAG genuinely occurs in dogs (and in Siamese cats) and Beagles are an established model of human POAG, but it is the minority form of canine primary glaucoma and feline glaucoma is predominantly secondary to uveitis/neoplasia.",MeSH (NLM),source (https://www.msdvetmanual.com/eye-diseases-and-disorders/ophthalmology/glaucoma-in-animals)
475,Urinary Bladder Neoplasms,81,Urinary Bladder Neoplasms,D001749,https://meshb.nlm.nih.gov/record/ui?ui=D001749,1.0,4,ANALOGOUS,False,dog,Canine invasive urothelial carcinoma (transitional cell carcinoma),"Canine urothelial carcinoma is >80% high-grade muscle-invasive disease centered on the bladder trigone and carries an activating BRAF V595E mutation in ~85% of cases, whereas low-grade superficial (non-muscle-invasive) tumors predominate in humans.",,,https://pmc.ncbi.nlm.nih.gov/articles/PMC9692095/,"Front Oncol 2022, naturally-occurring canine model of high grade urothelial carcinoma","Well-accepted comparative model, but specifically for high-grade invasive disease; I did not verify BRAF V600E frequency in human bladder cancer, so the mutation contrast is stated only for the canine side.",MeSH (NLM),source (https://pmc.ncbi.nlm.nih.gov/articles/PMC9692095/)
480,"Myoclonic Epilepsy, Juvenile",132,"Myoclonic Epilepsy, Juvenile",D020190,https://meshb.nlm.nih.gov/record/ui?ui=D020190,1.0,4,ANALOGOUS,False,dog,Juvenile myoclonic epilepsy of Rhodesian Ridgebacks (DIRAS1),"Canine JME is a breed-restricted monogenic autosomal-recessive disorder caused by a 4-bp DIRAS1 deletion, whereas human JME shows complex/heterogeneous inheritance and DIRAS1 remains only a candidate gene never confirmed as a cause in human patients.",,,https://pmc.ncbi.nlm.nih.gov/articles/PMC5347561/,"PNAS 2017, 'Generalized myoclonic epilepsy with photosensitivity in juvenile dogs caused by a defective DIRAS family GTPase 1'","Genuine clinical parallels (photosensitivity, myoclonic jerks, fronto-central spike-and-wave EEG), but the canine disease exists in one breed via a gene with no confirmed human JME role, so a 1.0 gene-level bridge is unsupported.",MeSH (NLM),source (https://pmc.ncbi.nlm.nih.gov/articles/PMC5347561/)
503,"Leukemia, Mast-Cell",453,"Leukemia, Mast-Cell",D007946,https://meshb.nlm.nih.gov/record/ui?ui=D007946,1.0,4,ANALOGOUS,False,dog/cat,Systemic mastocytosis / disseminated visceral mast cell tumor with mastocythemia,"In dogs and cats circulating neoplastic mast cells almost always seed from a visceral or cutaneous mast cell tumor (systemic mastocytosis) rather than arising as a primary bone-marrow leukemia - true mast cell leukemia is explicitly 'rarely observed in dogs' - and the driver is a KIT exon 11 juxtamembrane ITD, not the human D816V kinase-domain mutation.",33164718,https://pubmed.ncbi.nlm.nih.gov/33164718/,https://pmc.ncbi.nlm.nih.gov/articles/PMC7758694/,"Vet Clin Pathol / J Vet Diagn Invest case report + review of diagnostic criteria, Greyhound systemic mastocytosis (PMID 33164718)","DRUG-REPURPOSING RED FLAG: the KIT lesion differs by domain and has OPPOSITE TKI sensitivity - human D816V mastocytosis is imatinib-resistant, while canine exon 11 ITD MCT is imatinib/toceranib-sensitive - so a sim=1.0 bridge would transfer exactly the wrong drug signal. Also, veterinary diagnosis 'must rely primarily on fulfillment of the WHO major criterion' because the minor criteria (KIT codon 816, CD25, tryptase) are not attainable in dogs/cats. Feline splenic MCT is common (15-26% of feline splenic neoplasms) but is disseminated MCT, not MCL.",MeSH (NLM),literature (PMID 33164718)
466,Peptic Ulcer,30,Peptic Ulcer,D010437,https://meshb.nlm.nih.gov/record/ui?ui=D010437,1.0,3,ANALOGOUS,False,dog/cat,Gastroduodenal (gastrointestinal) ulceration in small animals,"Human peptic ulcer is dominated by Helicobacter pylori plus NSAIDs, whereas canine/feline gastroduodenal ulcers are attributed to NSAIDs/glucocorticoids, neoplasia and hepatic disease, and H. pylori is not a recognized cause in dogs or cats.",,,https://www.msdvetmanual.com/digestive-system/diseases-of-the-stomach-in-small-animals/gastrointestinal-ulcers-in-small-animals,"MSD Vet Manual, 'Gastrointestinal Ulcers in Small Animals'","Ulcer lesion and acid-suppression/mucosal-protection treatment transfer well, but the H. pylori eradication arm of human peptic ulcer pharmacology has no canine/feline correlate -- dogs and cats carry non-pylori Helicobacter of unclear causal role.",MeSH (NLM),source (https://www.msdvetmanual.com/digestive-system/diseases-of-the-stomach-in-small-animals/gastrointestinal-ulcers-in-small-animals)
472,Pemphigus,64,Pemphigus,D010392,https://meshb.nlm.nih.gov/record/ui?ui=D010392,1.0,3,ANALOGOUS,False,dog/cat,Pemphigus foliaceus (canine/feline),"The major autoantigen in canine pemphigus foliaceus is desmocollin-1 (DSG1 detected in only ~6% of sera), whereas human pemphigus targets desmoglein-1/desmoglein-3, and the dominant subtype is inverted (foliaceus predominates in dogs/cats, vulgaris in humans).",22884397,https://pubmed.ncbi.nlm.nih.gov/22884397/,https://pubmed.ncbi.nlm.nih.gov/22884397/,Vet Immunol Immunopathol (canine DSC1 as major PF autoantigen),"Real autoimmune blistering disease of the same family, but a different desmosomal target protein means drug/target inference across the bridge is not safe at 1.0.",MeSH (NLM),literature (PMID 22884397)
479,Squamous Cell Carcinoma of Head and Neck,129,Squamous Cell Carcinoma of Head and Neck,D000077195,https://meshb.nlm.nih.gov/record/ui?ui=D000077195,1.0,3,ANALOGOUS,False,dog/cat,Canine and feline oral squamous cell carcinoma,"Canine/feline oral SCC has no true HPV-driven counterpart (it models only HPV-negative HNSCC, while ~25% of human HNSCC is high-risk HPV-associated) and shows less frequent TP53 mutation than human HNSCC.",,,https://pmc.ncbi.nlm.nih.gov/articles/PMC4452692/,'Canine Spontaneous Head and Neck Squamous Cell Carcinomas Represent Their Human Counterparts at the Molecular Level',"The closest bridge in this batch after IMHA -- canine tumors recapitulate human HNSCC CNA landscape and cell-cycle/PI3K-AKT alterations -- but the HPV-positive human subtype has no animal counterpart, so 1.0 overstates it.",MeSH (NLM),source (https://pmc.ncbi.nlm.nih.gov/articles/PMC4452692/)
454,Hypertension,1,Hypertension,D006973,https://meshb.nlm.nih.gov/record/ui?ui=D006973,1.0,2,ANALOGOUS,False,dog/cat,"Secondary systemic hypertension (most often chronic kidney disease-, hyperthyroidism- or hyperadrenocorticism-associated)","In dogs and cats hypertension is predominantly SECONDARY to an identifiable underlying disease, with idiopathic hypertension accounting for only ~13-20% of feline cases, whereas human hypertension is predominantly primary/essential.",30353952,https://pubmed.ncbi.nlm.nih.gov/30353952/,https://pmc.ncbi.nlm.nih.gov/articles/PMC6271319/,"ACVIM consensus statement 2018 (Acierno et al., J Vet Intern Med 32:1803-1822)","Same end-organ pathophysiology, but the etiologic structure is inverted vs humans; the ACVIM panel deliberately says 'idiopathic' rather than 'essential' for animals.",MeSH (NLM),literature (PMID 30353952)
469,"Lupus Erythematosus, Cutaneous",46,"Lupus Erythematosus, Cutaneous",D008178,https://meshb.nlm.nih.gov/record/ui?ui=D008178,1.0,2,ANALOGOUS,False,dog,"Canine cutaneous lupus erythematosus (facial/generalized discoid LE, vesicular CLE, exfoliative CLE, mucocutaneous LE)","Canine CLE variants only partly map onto the human Gilliam-Sontheimer scheme -- some appear unique to the dog -- and canine facial discoid LE essentially never progresses to SLE (no progression in 104 dogs across the four largest case series), unlike human DLE.",29669547,https://pubmed.ncbi.nlm.nih.gov/29669547/,https://pubmed.ncbi.nlm.nih.gov/29669547/,"BMC Vet Res 2018, 'Cutaneous lupus erythematosus in dogs: a comprehensive review'","A real and well-characterized canine disease (vesicular CLE is an accepted equivalent of human subacute cutaneous LE), so the edge is defensible but sim=1.0 overstates it; the review does not address cats, so I cannot confirm feline CLE and set occurs_in to dog only.",MeSH (NLM),literature (PMID 29669547)
476,Anxiety Disorders,82,Anxiety Disorders,D001008,https://meshb.nlm.nih.gov/record/ui?ui=D001008,1.0,2,ANALOGOUS,False,dog,Canine separation distress disorder / noise phobia / generalized anxiety,"Canine anxiety is dominated by separation distress and noise phobia, diagnosed purely from observed behavior with no self-reported cognitive component, and human subtypes such as panic disorder and social anxiety disorder have no established canine counterpart.",,,https://www.msdvetmanual.com/behavior/normal-social-behavior-and-behavioral-problems-of-domestic-animals/behavioral-problems-of-dogs,"MSD Vet Manual, 'Behavioral Problems of Dogs'","Unlike the 'Depression' calibration case this IS a genuine veterinary diagnosis with FDA-approved drugs (clomipramine/Clomicalm, fluoxetine/Reconcile, dexmedetomidine/Sileo), so the edge is defensible -- only the 1.0 is wrong; feline anxiety is recognized but was not verified here.",MeSH (NLM),source (https://www.msdvetmanual.com/behavior/normal-social-behavior-and-behavioral-problems-of-domestic-animals/behavioral-problems-of-dogs)
478,Aspergillosis,99,Aspergillosis,D001228,https://meshb.nlm.nih.gov/record/ui?ui=D001228,1.0,2,ANALOGOUS,False,dog/cat,Canine sinonasal aspergillosis; feline sinonasal/sino-orbital aspergillosis; disseminated aspergillosis (A. terreus) of German Shepherd Dogs,"Dogs and cats mainly develop fungal rhinosinusitis as immunocompetent hosts (dolichocephalic dogs, A. fumigatus; cats, A. felis), whereas human aspergillosis is dominated by invasive pulmonary disease in immunocompromised patients.",,,https://www.msdvetmanual.com/infectious-diseases/fungal-infections/aspergillosis-in-animals,"MSD Vet Manual, 'Aspergillosis in Animals'","Same pathogen genus and overlapping antifungal therapy, but the disease form and host immune context differ, so the human node's immunocompromised-host biology should not flow through at 1.0.",MeSH (NLM),source (https://www.msdvetmanual.com/infectious-diseases/fungal-infections/aspergillosis-in-animals)
490,Chromoblastomycosis,205,Chromoblastomycosis,D002862,https://meshb.nlm.nih.gov/record/ui?ui=D002862,1.0,2,ANALOGOUS,False,cat,Phaeohyphomycosis (dematiaceous/black fungal infection),"True chromoblastomycosis (muriform/sclerotic bodies from traumatic inoculation) is essentially absent in dogs/cats and exists only as isolated case reports; the recognized veterinary dematiaceous mycosis is phaeohyphomycosis, defined by pigmented septate hyphae and typically affecting pinnae/digits/nasal planum in cats or immunosuppressed (cyclosporine-treated) dogs.",25425600,https://pubmed.ncbi.nlm.nih.gov/25425600/,https://pubmed.ncbi.nlm.nih.gov/25425600/,J Feline Med Surg 2015 case report; MSD Vet Manual (Phaeohyphomycosis in Animals),"The single confirmed feline case I verified was a Cladophialophora carrionii peritoneal exudate in an FIV+ cat -- atypical for chromoblastomycosis; the MSD Vet Manual page I fetched has no chromoblastomycosis entry at all, only phaeohyphomycosis. A canine case report exists in a Chilean journal but the PDF returned HTTP 403 so I did not verify it and do not cite it.",MeSH (NLM),literature (PMID 25425600)
502,"Hepatitis, Autoimmune",428,"Hepatitis, Autoimmune",D019693,https://meshb.nlm.nih.gov/record/ui?ui=D019693,1.0,2,ANALOGOUS,False,dog,Canine chronic hepatitis (idiopathic / presumed immune-mediated),"Canine AIH is not an established, criteria-defined diagnosis: dogs lack the type-2 markers (anti-LKM1, anti-LC1), and 'piecemeal necrosis and intense portal track inflammation are the pathological hallmarks of hAIH but such histological features are not frequently seen in canine livers with cAIH'.",26000131,https://pubmed.ncbi.nlm.nih.gov/26000131/,https://pmc.ncbi.nlm.nih.gov/articles/PMC4389077/,"Auto Immun Highlights 2012, canine autoimmune hepatitis autoantibody review (PMID 26000131)","A canine entity is claimed (ANA/SMA and anti-liver-membrane antibodies reported) but the same paper calls cAIH 'an entity that is poorly understood' with autoantibody specificities 'not thoroughly studied'; the ACVIM 2019 consensus (PMID 30844094) uses 'chronic hepatitis', treats immune-mediated CH as a presumptive diagnosis of exclusion requiring steroid response, and a large share of canine CH is copper-associated rather than autoimmune. Bridge defensible, sim=1.0 not.",MeSH (NLM),literature (PMID 26000131)
461,"Diabetes Mellitus, Type 2",14,"Diabetes Mellitus, Type 2",D003924,https://meshb.nlm.nih.gov/record/ui?ui=D003924,1.0,1,ANALOGOUS,False,cat,"Feline diabetes mellitus (type 2-like); canine diabetes is a separate insulin-deficient, type 1-like disease","Type 2 diabetes is genuinely feline-only among pets - cats show insulin resistance, obesity and islet amyloidosis with IAPP differing from human by only 2 residues, whereas DOGS get an insulin-deficient type 1-like disease entirely lacking islet amyloid - and feline disease uniquely remits once glucose toxicity is reversed.",,,https://pmc.ncbi.nlm.nih.gov/articles/PMC12472474/,"'Comparative Pharmacological and Pharmaceutical Perspectives on Antidiabetic Therapies in Humans, Dogs, and Cats' (PMC12472474); also Henson & O'Brien, ILAR J 2006;47(3):234, 'Feline Models of Type 2 Diabetes Mellitus'","For CATS alone this is close to EQUIVALENT and is a well-accepted model of human T2DM; I downgrade to ANALOGOUS only because a species-agnostic 'pet' node inherits dogs, in which T2DM effectively does not occur, plus frequent diabetic remission has no human T2DM analogue.",MeSH (NLM),source (https://pmc.ncbi.nlm.nih.gov/articles/PMC12472474/)
471,"Carcinoma, Renal Cell",62,"Carcinoma, Renal Cell",D002292,https://meshb.nlm.nih.gov/record/ui?ui=D002292,1.0,1,ANALOGOUS,False,dog/cat,,"Subtype distribution is inverted -- clear cell RCC is ~75% of human renal carcinomas but only 9% of canine cases (papillary at 21% predominates in dogs, tubular in cats), so the VHL/HIF clear-cell biology that most human RCC drugs target is not the canine norm.",24829287,https://pubmed.ncbi.nlm.nih.gov/24829287/,https://pubmed.ncbi.nlm.nih.gov/24829287/,"Vet Pathol 2015, 'Prognostic significance of histologic features in canine renal cell carcinomas: 70 nephrectomies'","RCC is real and is the most common kidney cancer in dogs, and the authors argue orthologs of the human subtypes occur in dogs, but the dominant-subtype mismatch makes sim=1.0 overstated for repurposing purposes.",MeSH (NLM),literature (PMID 24829287)
473,"Carcinoma, Non-Small-Cell Lung",72,"Carcinoma, Non-Small-Cell Lung",D002289,https://meshb.nlm.nih.gov/record/ui?ui=D002289,1.0,1,ANALOGOUS,False,dog,Canine primary pulmonary carcinoma (mainly pulmonary adenocarcinoma),"No tobacco etiology is recognized in dogs and the driver landscape is inverted -- HER2 mutations in ~38% of canine pulmonary adenocarcinomas vs ~3% in humans, EGFR mutations rare in dogs vs ~45% in human never-smoker lung cancer, with ALK/ROS/RET rarely documented in dogs.",,,https://pmc.ncbi.nlm.nih.gov/articles/PMC11788302/,"Front Vet Sci, 'Canine lung carcinoma - A descriptive review'","Histologically resembles human never-smoker NSCLC, but the inverted EGFR/HER2 driver frequencies make a 1.0 bridge actively misleading for targeted-therapy inference; feline primary lung tumors exist but were not verified in this audit.",MeSH (NLM),source (https://pmc.ncbi.nlm.nih.gov/articles/PMC11788302/)
474,Hyperthyroidism,76,Hyperthyroidism,D006980,https://meshb.nlm.nih.gov/record/ui?ui=D006980,1.0,1,ANALOGOUS,False,dog/cat,"Feline hyperthyroidism (functional thyroid adenoma / adenomatous hyperplasia); in dogs, hyperthyroidism secondary to thyroid carcinoma","Feline hyperthyroidism is a non-autoimmune autonomous nodular disease (no circulating thyroid-stimulating immunoglobulins) that models human toxic nodular goiter rather than Graves' disease, which causes most human hyperthyroidism; in dogs it is rare and almost always caused by thyroid carcinoma.",,,https://www.msdvetmanual.com/endocrine-system/the-thyroid-gland/hyperthyroidism-in-animals,"MSD Vet Manual, 'Hyperthyroidism in Animals'","The thyrotoxic syndrome and antithyroid drug therapy (methimazole, radioiodine) genuinely overlap, but the autoimmune mechanism dominating the human node does not transfer, and dog vs cat etiologies are themselves different diseases.",MeSH (NLM),source (https://www.msdvetmanual.com/endocrine-system/the-thyroid-gland/hyperthyroidism-in-animals)
484,"Carcinoma, Hepatocellular",175,"Carcinoma, Hepatocellular",D006528,https://meshb.nlm.nih.gov/record/ui?ui=D006528,1.0,1,ANALOGOUS,False,dog,Canine hepatocellular carcinoma (massive/solitary form),"Canine HCC lacks the chronic hepatitis B/C and cirrhosis background that drives the majority of human HCC (HBV alone = 55% of cases globally), and presents as a solitary resectable massive mass in >50% of dogs rather than multifocal disease on a globally cirrhotic liver.",36136704,https://pubmed.ncbi.nlm.nih.gov/36136704/,https://pmc.ncbi.nlm.nih.gov/articles/PMC9505178/,"Vet Sci 2022, Comparative Oncology: Management of Hepatic Neoplasia in Humans and Dogs","Real canine tumor with reported molecular similarity to human HCC, but the etiologic and staging context differs enough that antiviral/cirrhosis-driven human HCC drug associations would not transfer cleanly.",MeSH (NLM),literature (PMID 36136704)
486,Polycythemia Vera,180,Polycythemia Vera,D011087,https://meshb.nlm.nih.gov/record/ui?ui=D011087,1.0,1,ANALOGOUS,False,dog/cat,Primary erythrocytosis (polycythemia vera),"Human PV is defined molecularly by JAK2 V617F in ~95% of cases, whereas canine/feline primary erythrocytosis is essentially a diagnosis of exclusion with only anecdotal JAK2 confirmation in dogs and none supported in cats, so the JAK-driven mechanism that anchors human PV drug biology is not established in pets.",21320566,https://pubmed.ncbi.nlm.nih.gov/21320566/,https://pubmed.ncbi.nlm.nih.gov/21320566/,"Beurlet et al., Exp Hematol 2011; Merck Vet Manual (Erythrocytosis in Animals)","Merck does call it an uncommon MPN of dogs, cats and calves treated with phlebotomy/hydroxyurea, so the edge is defensible, but the Beurlet paper reports JAK2 V617F/C618L in only a single dog — molecular equivalence is not established.",MeSH (NLM),literature (PMID 21320566)
493,"Pneumonia, Pneumocystis",248,"Pneumonia, Pneumocystis",D011020,https://meshb.nlm.nih.gov/record/ui?ui=D011020,1.0,1,ANALOGOUS,False,dog,Canine Pneumocystis pneumonia (Pneumocystis canis),"Pneumocystis is strictly host-specific: dogs are infected by the genetically distinct P. canis and cannot be infected by human P. jirovecii, and the predisposing immunodeficiency is inherited (CARMIL2 nonsense variant / IgG deficiency in Cavalier King Charles Spaniels and miniature dachshunds) rather than the HIV/iatrogenic immunosuppression that dominates human PCP.",,,https://pmc.ncbi.nlm.nih.gov/articles/PMC10970956/,"J Fungi 2024;10(3):198 (Coffey et al., CARMIL2 immunodeficiency in CKCS)","Same clinical entity type (interstitial pneumonia in an immunodeficient host) and authors call the dogs 'a valuable natural model', but different pathogen species and different host-immunity route; rare and breed-restricted in dogs, and I found no established feline PCP. I did not see a PMID rendered on the page so left it empty rather than guess.",MeSH (NLM),source (https://pmc.ncbi.nlm.nih.gov/articles/PMC10970956/)
495,Melanoma,295,Melanoma,D008545,https://meshb.nlm.nih.gov/record/ui?ui=D008545,1.0,1,ANALOGOUS,False,dog/cat,Canine oral malignant melanoma (mucosal melanoma),"Canine melanoma arises predominantly in sun-shielded oral mucosa and is consistently BRAF wild-type with no UV mutational signature, low point-mutation burden and copy-number/structural-variant-driven biology -- it maps onto human MUCOSAL melanoma, not the UV- and BRAF V600-driven cutaneous melanoma (~60% BRAF-mutant) that dominates the human 'Melanoma' concept and its approved drugs.",30664638,https://pubmed.ncbi.nlm.nih.gov/30664638/,https://pubmed.ncbi.nlm.nih.gov/30664638/,"Nat Commun 2019;10:353 -- cross-species genomic comparison of human mucosal, canine oral and equine melanoma",High-impact bridge risk: BRAF/MEK inhibitors linked to the human melanoma node would transfer to a BRAF-wild-type canine disease where they are mechanistically inapplicable.,MeSH (NLM),literature (PMID 30664638)
496,"Cholestasis, Intrahepatic",320,"Cholestasis, Intrahepatic",D002780,https://meshb.nlm.nih.gov/record/ui?ui=D002780,1.0,1,ANALOGOUS,False,dog/cat,Cholangitis/cholangiohepatitis complex; feline hepatic lipidosis; canine vacuolar hepatopathy,"Intrahepatic cholestasis in dogs/cats is a secondary pathophysiologic state driven by infectious/inflammatory cholangitis, hepatic lipidosis or vacuolar hepatopathy, whereas MeSH D002780 in humans is anchored by primary autoimmune/genetic cholangiopathies (PBC, PSC, PFIC, intrahepatic cholestasis of pregnancy) for which I found no evidence of recognized canine or feline counterparts.",,,https://onlinelibrary.wiley.com/doi/10.1111/jsap.13433,"J Small Anim Pract 2022 (Jaffey, Canine intrahepatic biliary disease); WSAVA feline cholangitis classification","Edge is partly defensible because the shared cholestatic state is real and ursodiol is used in both species, but it is a syndrome not a disease -- sim=1.0 asserts identity with human primary cholangiopathies that do not occur in dogs/cats. Absence of PBC/PSC in dogs/cats is an absence-of-evidence finding from my searches, not a cited positive statement, so treat that half with mild caution.",MeSH (NLM),source (https://onlinelibrary.wiley.com/doi/10.1111/jsap.13433)
497,Thyroid Neoplasms,336,Thyroid Neoplasms,D013964,https://meshb.nlm.nih.gov/record/ui?ui=D013964,1.0,1,ANALOGOUS,False,dog/cat,Canine thyroid carcinoma (follicular/medullary); feline thyroid adenoma-hyperplasia,"Species diverge sharply in both directions: dogs get predominantly large, invasive, NON-functional follicular or medullary carcinomas (papillary rare, RAS/RAF signalling largely uninvolved, ~1/3 metastatic at diagnosis), cats get >95% BENIGN functional adenoma/hyperplasia causing hyperthyroidism, while human thyroid cancer is ~85% papillary, BRAF/RAS-driven and comparatively indolent.",,,https://journals.sagepub.com/doi/10.1177/03009858231177225,"Vet Pathol 2024 (Athey et al., canine thyroid carcinoma review); VSSO thyroid tumor monographs","One MeSH term is being forced to cover three materially different diseases across human, dog and cat; the dominant histology and driver pathways differ in each.",MeSH (NLM),source (https://journals.sagepub.com/doi/10.1177/03009858231177225)
500,Hepatolenticular Degeneration,394,Hepatolenticular Degeneration,D006527,https://meshb.nlm.nih.gov/record/ui?ui=D006527,1.0,1,ANALOGOUS,False,dog,"Copper-associated chronic hepatitis / copper toxicosis (Bedlington Terrier, Labrador Retriever, Doberman Pinscher)","The canine disease is purely hepatic - the 'lenticular' half does not occur: 'Neurologic and ocular signs as a result of copper accumulation have not been observed in dogs with CAH', no Kayser-Fleischer rings - and the classic Bedlington model is driven by COMMD1 deletion rather than the human ATP7B.",,,https://www.frontiersin.org/journals/veterinary-science/articles/10.3389/fvets.2025.1692603/full,Frontiers in Veterinary Science 2025 comparative review (DOI 10.3389/fvets.2025.1692603),"Real, well-studied comparative model (ATP7B variants do occur in Labradors/Dobermans, and COMMD1 stabilizes ATP7B, so mechanisms partly overlap), but the 2025 review explicitly treats canine CAH and human Wilson disease as related-but-distinct entities; a Wilson-model review (PMC6531654) independently states 'neurological features are absent as are Kayser-Fleischer rings' in Bedlingtons. Sim=1.0 overstates a liver-only phenotype as a hepatolenticular one.",MeSH (NLM),source (https://www.frontiersin.org/journals/veterinary-science/articles/10.3389/fvets.2025.1692603/full)
477,"Anemia, Hemolytic, Autoimmune",96,"Anemia, Hemolytic, Autoimmune",D000744,https://meshb.nlm.nih.gov/record/ui?ui=D000744,1.0,5,EQUIVALENT,True,dog/cat,Immune-mediated hemolytic anemia (IMHA),,,,https://onlinelibrary.wiley.com/doi/10.1111/jvim.15441,"ACVIM consensus statement 2019 (Garden et al., diagnosis of IMHA in dogs and cats)","Same core pathophysiology (anti-erythrocyte autoantibody, DAT/Coombs-positive, predominantly warm IgG extravascular hemolysis) and the ACVIM panel explicitly adapted human AIHA guidelines; caveat is that thromboembolism complicates 30-50% of canine cases, far above the human rate, so severity/natural history differ even though the entity does not.",MeSH (NLM),source (https://onlinelibrary.wiley.com/doi/10.1111/jvim.15441)
483,Osteosarcoma,168,Osteosarcoma,D012516,https://meshb.nlm.nih.gov/record/ui?ui=D012516,1.0,4,EQUIVALENT,True,dog,,,36570509,https://pubmed.ncbi.nlm.nih.gov/36570509/,https://pmc.ncbi.nlm.nih.gov/articles/PMC9773846/,Front Vet Sci 2022 comparative oncology review,"Source states canine phenotypes are 'closely matched' to human OSA in pathology, progression, treatment options and prognosis; only clear divergence is age distribution (dogs 7-9 yr vs human pediatric peak), which does not change the entity — feline OSA exists but was not verified in this audit.",MeSH (NLM),literature (PMID 36570509)
455,Asthma,2,Asthma,D001249,https://meshb.nlm.nih.gov/record/ui?ui=D001249,1.0,3,EQUIVALENT,True,cat,,,,,https://www.merckvetmanual.com/respiratory-system/respiratory-diseases-of-small-animals/feline-bronchial-asthma,"MSD/Merck Vet Manual, Feline Bronchial Asthma","Cats only - MSD describes Th2/IgE-driven eosinophilic inflammation, airway hyperresponsiveness, obstruction and remodeling as in people, and it is widely called a natural model of human allergic asthma; two caveats: true asthma is essentially absent in DOGS (canine counterpart is chronic bronchitis), and MSD notes cats are exceptionally serotonin-responsive, serotonin being the dominant allergen-induced bronchoconstrictor - a mediator difference that matters for drug repurposing.",MeSH (NLM),source (https://www.merckvetmanual.com/respiratory-system/respiratory-diseases-of-small-animals/feline-bronchial-asthma)
458,Brain Neoplasms,5,Brain Neoplasms,D001932,https://meshb.nlm.nih.gov/record/ui?ui=D001932,1.0,3,EQUIVALENT,True,dog/cat,,,,,https://pmc.ncbi.nlm.nih.gov/articles/PMC6856054/,"'Canine Primary Intracranial Cancer: A Clinicopathologic and Comparative Review of Glioma, Meningioma, and Choroid Plexus Tumors' (PMC6856054)","Dogs are the only non-human mammal that spontaneously develops brain tumours at human-like frequency (~3% at necropsy) with a parallel spectrum of histologic types; caveat at subtype level - canine gliomas lack the IDH1 R132H mutation found in ~70% of human low-grade gliomas and resemble human PEDIATRIC glioma, so 1.0 is fair for the umbrella term but would overstate an adult-glioma-specific claim.",MeSH (NLM),source (https://pmc.ncbi.nlm.nih.gov/articles/PMC6856054/)
459,Osteoarthritis,8,Osteoarthritis,D010003,https://meshb.nlm.nih.gov/record/ui?ui=D010003,1.0,3,EQUIVALENT,True,dog/cat,,,,,https://pmc.ncbi.nlm.nih.gov/articles/PMC7097182/,"'Spontaneous dog osteoarthritis - a One Medicine vision', Nature Reviews Rheumatology 2019 (PMC7097182)","Source states the histopathology and pathogenesis of dog OA most closely resemble those of PRIMARY human OA, with shared joint sites (knee/hip/shoulder/elbow) and shared pain neurophysiology; only caveat is that canine OA more often follows joint instability (hip dysplasia, cranial cruciate rupture) - but 20-40% of human hip OA likewise traces to developmental dysplasia, so the etiologic gap is smaller than it first appears.",MeSH (NLM),source (https://pmc.ncbi.nlm.nih.gov/articles/PMC7097182/)
485,"Carcinoma, Islet Cell",179,"Carcinoma, Islet Cell",D018273,https://meshb.nlm.nih.gov/record/ui?ui=D018273,1.0,3,EQUIVALENT,True,dog,,,34794032,https://pubmed.ncbi.nlm.nih.gov/34794032/,https://pubmed.ncbi.nlm.nih.gov/34794032/,"Transl Oncol 2022, Canine insulinoma as a model for human malignant insulinoma research","Canine insulinoma is genuinely an islet cell CARCINOMA (~95% malignant/metastatic) and the source validates it as a model with recurrence and prognosis similar to human malignant insulinoma; caveat worth flagging is that human insulinomas overall are ~90% benign, so only the malignant human subset matches, and MeSH D018273 also spans gastrinoma/glucagonoma which are rare in dogs.",MeSH (NLM),literature (PMID 34794032)
501,"Cardiomyopathy, Hypertrophic, Familial",417,"Cardiomyopathy, Hypertrophic, Familial",D024741,https://meshb.nlm.nih.gov/record/ui?ui=D024741,1.0,3,EQUIVALENT,True,cat,,,26776594,https://pubmed.ncbi.nlm.nih.gov/26776594/,https://pmc.ncbi.nlm.nih.gov/articles/PMC5909964/,J Vet Cardiol 2015 'The Genetic Basis of Hypertrophic Cardiomyopathy in Cats and Humans' (PMID 26776594),"Feline familial HCM maps onto human familial HCM closely: same sarcomeric gene MYBPC3 (A31P in Maine Coon, R820W/R818W in Ragdoll), autosomal dominant with incomplete penetrance and variable expressivity in both. This is a cat disease - HCM is uncommon in dogs. Minor caveats: only two causal variants are confirmed in cats vs ~11 sarcomeric genes in humans, and most non-pedigree clinical feline HCM has no identified mutation, so the 'familial' label fits the breed cases best.",MeSH (NLM),literature (PMID 26776594)
456,"Dermatitis, Atopic",3,"Dermatitis, Atopic",D003876,https://meshb.nlm.nih.gov/record/ui?ui=D003876,1.0,2,EQUIVALENT,True,dog/cat,,,,,https://onlinelibrary.wiley.com/doi/10.1111/vde.13183,"ICADA 2023 updated definition (Eisenschenk et al., Vet Dermatol 2024;35(1):3-4, doi:10.1111/vde.13183)","ICADA 2023 defines canine AD as a hereditary, pruritic, predominantly T-cell driven inflammatory skin disease with skin barrier abnormalities, allergen sensitization and microbial dysbiosis - the same core axis as human AD, and it is the best-regarded spontaneous model; residual doubt: lesion distribution differs and the feline entity is a looser umbrella ('feline atopic skin syndrome'), so 1.0 is defensible for dogs but slightly generous for cats. I did not obtain a PMID for the ICADA paper - DOI/citation seen in search results only.",MeSH (NLM),source (https://onlinelibrary.wiley.com/doi/10.1111/vde.13183)
465,Multiple Myeloma,27,Multiple Myeloma,D009101,https://meshb.nlm.nih.gov/record/ui?ui=D009101,1.0,2,EQUIVALENT,True,dog/cat,,,,,https://www.msdvetmanual.com/immune-system/immunologic-diseases/gammopathies-in-animals,"MSD Vet Manual, 'Gammopathies in Animals'","Same clinical entity in dogs and cats -- plasma cell neoplasm with monoclonal gammopathy, lytic lesions of skull/ribs/pelvis/vertebrae, hyperviscosity, treated with chemotherapy (melphalan/prednisone); minor difference is that canine myeloma proteins are commonly IgA as well as IgG.",MeSH (NLM),source (https://www.msdvetmanual.com/immune-system/immunologic-diseases/gammopathies-in-animals)
470,Colorectal Neoplasms,58,Colorectal Neoplasms,D015179,https://meshb.nlm.nih.gov/record/ui?ui=D015179,1.0,2,EQUIVALENT,True,dog/cat,,,23251390,https://pubmed.ncbi.nlm.nih.gov/23251390/,https://pubmed.ncbi.nlm.nih.gov/23251390/,"PLoS One 2012, 'Frequent alteration of the tumor suppressor gene APC in sporadic canine colorectal tumors'","Canine colorectal adenocarcinoma follows the same adenoma-carcinoma sequence with APC altered in ~70% of tumors and disrupted beta-catenin-binding repeats, and authors call sporadic canine CRCs valid molecular models of human CRC; caveat is that it is far rarer in dogs and no hereditary FAP/Lynch equivalent is described.",MeSH (NLM),literature (PMID 23251390)
487,Cryptococcosis,184,Cryptococcosis,D003453,https://meshb.nlm.nih.gov/record/ui?ui=D003453,1.0,2,EQUIVALENT,True,dog/cat,,,,,https://www.merckvetmanual.com/infectious-diseases/fungal-infections/cryptococcosis-in-animals,Merck Vet Manual,"Identical causative organisms (C. neoformans, C. gattii) and identical drug classes (fluconazole/itraconazole, amphotericin B) across species; presentation skews nasal/upper-respiratory in cats and disseminated/CNS in >50% of dogs, and unlike humans it commonly affects apparently immunocompetent animals, but the entity is the same.",MeSH (NLM),source (https://www.merckvetmanual.com/infectious-diseases/fungal-infections/cryptococcosis-in-animals)
488,"Mycobacterium Infections, Nontuberculous",200,"Mycobacterium Infections, Nontuberculous",D009165,https://meshb.nlm.nih.gov/record/ui?ui=D009165,1.0,2,EQUIVALENT,True,dog/cat,,,23331691,https://pubmed.ncbi.nlm.nih.gov/23331691/,https://www.merckvetmanual.com/generalized-conditions/mycobacterial-infections-in-animals/mycobacterial-infections-in-animals,Merck Vet Manual; Vet Dermatol 2013 (cutaneous NTM granulomas in cats and dogs),"Same organisms as human NTM disease (M. avium complex, M. fortuitum, M. chelonae, M. kansasii, several explicitly zoonotic) and same drug classes; caveat is that pet disease is dominated by cutaneous/subcutaneous granulomas and disseminated MAC rather than the pulmonary MAC that dominates human NTM, and feline leprosy agents (M. lepraemurium) have no direct human counterpart.",MeSH (NLM),literature (PMID 23331691)
489,Cushing Syndrome,201,Cushing Syndrome,D003480,https://meshb.nlm.nih.gov/record/ui?ui=D003480,1.0,2,EQUIVALENT,True,dog/cat,,,,,https://www.merckvetmanual.com/endocrine-system/the-adrenal-glands/cushing-syndrome-hyperadrenocorticism-in-animals,Merck Vet Manual,"Same core pathophysiology and same subtype split as humans (80-85% ACTH-secreting pituitary adenoma, 10-15% adrenal tumor); most common in dogs but cats are affected; differences are quantitative or peripheral (canine incidence ~1000x human, ectopic ACTH not reported in dogs, USP8 mutations absent from canine corticotroph adenomas) and do not change the entity.",MeSH (NLM),source (https://www.merckvetmanual.com/endocrine-system/the-adrenal-glands/cushing-syndrome-hyperadrenocorticism-in-animals)
499,Hemangiosarcoma,353,Hemangiosarcoma,D006394,https://meshb.nlm.nih.gov/record/ui?ui=D006394,1.0,2,EQUIVALENT,True,dog/cat,,,34296746,https://pubmed.ncbi.nlm.nih.gov/34296746/,https://pubmed.ncbi.nlm.nih.gov/34296746/,Vet Comp Oncol / PubMed 34296746 (canine+feline vs human angiosarcoma oncogenomics),"Same malignant endothelial tumor in dogs and cats; recurrent drivers TP53, PIK3CA, ATRX, GRIN2A, LRP1B shared with human angiosarcoma, and AACR/MCR comparative genomics calls canine HSA a close model of human visceral/breast angiosarcoma. Caveat: anatomic distribution differs (canine HSA mostly splenic/right-atrial and common; human AS mostly cutaneous/breast, rare, often radiation- or vinyl-chloride-associated) but this is epidemiologic, not a different entity.",MeSH (NLM),literature (PMID 34296746)
463,"Leukemia, Myeloid, Acute",17,"Leukemia, Myeloid, Acute",D015470,https://meshb.nlm.nih.gov/record/ui?ui=D015470,1.0,1,EQUIVALENT,True,dog/cat,,,12673541,https://pubmed.ncbi.nlm.nih.gov/12673541/,https://pubmed.ncbi.nlm.nih.gov/12673541/,"Vet Clin Pathol 1991, 'Proposed criteria for classification of acute myeloid leukemia in dogs and cats' (human FAB/NCI criteria adapted)","Same entity in dogs and cats and Cornell states canine AML mimics the human counterpart clinically, but canonical human drivers NPM1/DNMT3A appear absent in dogs and feline AML is often erythroid/MDS-associated, so driver-targeted human drugs may not transfer.",MeSH (NLM),literature (PMID 12673541)
481,Hypoparathyroidism,147,Hypoparathyroidism,D007011,https://meshb.nlm.nih.gov/record/ui?ui=D007011,1.0,1,EQUIVALENT,True,dog,,,,,https://www.msdvetmanual.com/musculoskeletal-system/dystrophies-associated-with-calcium-phosphorus-and-vitamin-d/hypoparathyroidism-in-dogs,MSD Vet Manual,"MSD: 'recognized primarily in dogs'; same PTH-deficiency entity with the same causes as humans (idiopathic lymphocytic/immune-mediated parathyroiditis, post-surgical) and same calcium/vitamin D therapy; the page does not cover cats, so feline occurrence is unverified here.",MeSH (NLM),source (https://www.msdvetmanual.com/musculoskeletal-system/dystrophies-associated-with-calcium-phosphorus-and-vitamin-d/hypoparathyroidism-in-dogs)
491,"Diabetes Insipidus, Neurogenic",227,"Diabetes Insipidus, Neurogenic",D020790,https://meshb.nlm.nih.gov/record/ui?ui=D020790,1.0,1,EQUIVALENT,True,dog/cat,,,8944803,https://pubmed.ncbi.nlm.nih.gov/8944803/,https://www.merckvetmanual.com/endocrine-system/the-pituitary-gland/diabetes-insipidus-in-animals,MSD/Merck Vet Manual (Diabetes Insipidus in Animals); JAVMA 1996 20-case series,"Same core pathophysiology (deficient ADH secretion from hypothalamic/pars nervosa axis), same modified water-deprivation diagnostic logic, same desmopressin treatment; MSD explicitly separates central from nephrogenic form as in humans. Uncommon but genuine in both dogs and cats.",MeSH (NLM),literature (PMID 8944803)
492,Histoplasmosis,234,Histoplasmosis,D006660,https://meshb.nlm.nih.gov/record/ui?ui=D006660,1.0,1,EQUIVALENT,True,dog/cat,,,16317912,https://pubmed.ncbi.nlm.nih.gov/16317912/,https://www.merckvetmanual.com/infectious-diseases/fungal-infections/histoplasmosis-in-animals,MSD/Merck Vet Manual (Histoplasmosis in Animals),"MSD defines it directly as 'a chronic, noncontagious, disseminated, granulomatous disease of humans and other animals due to the dimorphic fungus Histoplasma capsulatum' -- identical organism and mechanism; only organ tropism shifts (GI/hepatic predominant in dogs, respiratory/cutaneous in cats), which I judged insufficient to downgrade.",MeSH (NLM),literature (PMID 16317912)
494,Leishmaniasis,288,Leishmaniasis,D007896,https://meshb.nlm.nih.gov/record/ui?ui=D007896,1.0,1,EQUIVALENT,True,dog,,,,,https://www.leishvet.org/canine-leishmaniosis-directions/,LeishVet guidelines (canine leishmaniosis directions),"Same parasite species (Leishmania infantum), same sandfly vector, same zoonotic cycle with the dog as the main urban reservoir; a well-established veterinary disease with its own consensus guidelines. Caveat I could not verify head-to-head: canine disease is characteristically viscerocutaneous whereas human L. infantum infection presents as visceral leishmaniasis, and MeSH D007896 is a broad parent term spanning cutaneous/visceral/mucocutaneous forms -- so the edge is sound but the term is coarse. Feline leishmaniosis exists but I did not research it, hence occurs_in 'dog'.",MeSH (NLM),source (https://www.leishvet.org/canine-leishmaniosis-directions/)
498,Adrenal Cortex Neoplasms,340,Adrenal Cortex Neoplasms,D000306,https://meshb.nlm.nih.gov/record/ui?ui=D000306,1.0,1,EQUIVALENT,True,dog/cat,,,,,https://www.merckvetmanual.com/endocrine-system/the-adrenal-glands/cushing-syndrome-hyperadrenocorticism-in-animals,MSD/Merck Vet Manual (Cushing Syndrome/Hyperadrenocorticism in Animals),"Same cell of origin and same functional adenoma/adenocarcinoma spectrum causing cortisol excess (adrenal-dependent hyperadrenocorticism = 10-15% of canine cases), with mitotane -- also the human adrenocortical carcinoma drug -- effective in both. Weaker points I flag honestly: canine tumors are usually detected because they are functional whereas human adrenocortical neoplasms are mostly non-functional incidentalomas, canine carcinoma prognosis is far better than human ACC, and MSD gave only limited detail on cats (rare; feline tumors more often aldosterone-secreting).",MeSH (NLM),source (https://www.merckvetmanual.com/endocrine-system/the-adrenal-glands/cushing-syndrome-hyperadrenocorticism-in-animals)
